{
  "variant_id": "lab4_task2_part1_4__golden",
  "return_code": 0,
  "success": true,
  "log_path": "pipeline\\out_all_labs_rich_v1_train\\lab4_task2_part1_4\\golden\\lab4_task2_part1_4__golden.log",
  "raw_path": null,
  "measurements": {
    "solver": "Normal",
    "tnom": 27.0,
    "temp": 27.0,
    "method": "trap",
    "v__vcc_max": -5.0,
    "v__vcc_min": -5.0,
    "v__vcc_rms": 5.0,
    "v__vcc_avg": -5.0,
    "v__vcc_pp": 0.0,
    "v_n001_max": 1.37405097485,
    "v_n001_min": 1.37405097485,
    "v_n001_rms": 1.37405097485,
    "v_n001_avg": 1.37405097485,
    "v_n001_pp": 0.0,
    "v_n002_max": 4.0,
    "v_n002_min": 4.0,
    "v_n002_rms": 4.0,
    "v_n002_avg": 4.0,
    "v_n002_pp": 0.0,
    "v_vcc_max": 5.0,
    "v_vcc_min": 5.0,
    "v_vcc_rms": 5.0,
    "v_vcc_avg": 5.0,
    "v_vcc_pp": 0.0,
    "v_vout_max": -3.87199115753,
    "v_vout_min": -3.87199115753,
    "v_vout_rms": 3.87199115753,
    "v_vout_avg": -3.87199115753,
    "v_vout_pp": 0.0,
    "i_r1_max": -0.00262594898231,
    "i_r1_min": -0.00262594898231,
    "i_r1_rms": 0.00262594898231,
    "i_r1_avg": -0.00262594898231,
    "i_r1_pp": 0.0,
    "i_r2_max": -0.00262302113697,
    "i_r2_min": -0.00262302113697,
    "i_r2_rms": 0.00262302113697,
    "i_r2_avg": -0.00262302113697,
    "i_r2_pp": 0.0,
    "i_v1_max": -0.00262594898231,
    "i_v1_min": -0.00262594898231,
    "i_v1_rms": 0.00262594898231,
    "i_v1_avg": -0.00262594898231,
    "i_v1_pp": 0.0,
    "i_v2_max": -0.00126668915618,
    "i_v2_min": -0.00126668915618,
    "i_v2_rms": 0.00126668915618,
    "i_v2_avg": -0.00126668915618,
    "i_v2_pp": 0.0,
    "i_v3_max": 0.00388986989856,
    "i_v3_min": 0.00388986989856,
    "i_v3_rms": 0.00388986989856,
    "i_v3_avg": 0.00388986989856,
    "i_v3_pp": 0.0
  },
  "stderr": "",
  "stdout": "",
  "netlist_path": "pipeline\\out_all_labs_rich_v1_train\\lab4_task2_part1_4\\golden\\lab4_task2_part1_4__golden.cir"
}