{
  "solver": "Normal",
  "tnom": 27.0,
  "temp": 27.0,
  "method": "trap",
  "v__vcc_max": -5.0,
  "v__vcc_min": -5.0,
  "v__vcc_rms": 5.0,
  "v__vcc_avg": -5.0,
  "v__vcc_pp": 0.0,
  "v_n001_max": 2.0435860157,
  "v_n001_min": 2.0435860157,
  "v_n001_rms": 2.0435860157,
  "v_n001_avg": 2.0435860157,
  "v_n001_pp": 0.0,
  "v_n002_max": 5.0,
  "v_n002_min": 5.0,
  "v_n002_rms": 5.0,
  "v_n002_avg": 5.0,
  "v_n002_pp": 0.0,
  "v_vcc_max": 5.0,
  "v_vcc_min": 5.0,
  "v_vcc_rms": 5.0,
  "v_vcc_avg": 5.0,
  "v_vcc_pp": 0.0,
  "v_vout_max": -3.86070799828,
  "v_vout_min": -3.86070799828,
  "v_vout_rms": 3.86070799828,
  "v_vout_avg": -3.86070799828,
  "v_vout_pp": 0.0,
  "i_r1_max": -0.00295641389675,
  "i_r1_min": -0.00295641389675,
  "i_r1_rms": 0.00295641389675,
  "i_r1_avg": -0.00295641389675,
  "i_r1_pp": 0.0,
  "i_r2_max": -0.00295214704238,
  "i_r2_min": -0.00295214704238,
  "i_r2_rms": 0.00295214704238,
  "i_r2_avg": -0.00295214704238,
  "i_r2_pp": 0.0,
  "i_v1_max": -0.00295641389675,
  "i_v1_min": -0.00295641389675,
  "i_v1_rms": 0.00295641389675,
  "i_v1_avg": -0.00295641389675,
  "i_v1_pp": 0.0,
  "i_v2_max": -0.00126661732793,
  "i_v2_min": -0.00126661732793,
  "i_v2_rms": 0.00126661732793,
  "i_v2_avg": -0.00126661732793,
  "i_v2_pp": 0.0,
  "i_v3_max": 0.0042189238593,
  "i_v3_min": 0.0042189238593,
  "i_v3_rms": 0.0042189238593,
  "i_v3_avg": 0.0042189238593,
  "i_v3_pp": 0.0
}