{
  "solver": "Normal",
  "tnom": 27.0,
  "temp": 27.0,
  "method": "trap",
  "v_n001_max": 5.0,
  "v_n001_min": 5.0,
  "v_n001_rms": 5.0,
  "v_n001_avg": 5.0,
  "v_n001_pp": 0.0,
  "v_vd_max": 2.52499989983e-06,
  "v_vd_min": 2.52499989983e-06,
  "v_vd_rms": 2.52499989983e-06,
  "v_vd_avg": 2.52499989983e-06,
  "v_vd_pp": 0.0,
  "i_d1_max": -2.52499998687e-09,
  "i_d1_min": -2.52499998687e-09,
  "i_d1_rms": 2.52499998687e-09,
  "i_d1_avg": -2.52499998688e-09,
  "i_d1_pp": 0.0,
  "i_r1_max": 2.52499998687e-09,
  "i_r1_min": 2.52499998687e-09,
  "i_r1_rms": 2.52499998687e-09,
  "i_r1_avg": 2.52499998688e-09,
  "i_r1_pp": 0.0,
  "i_v1_max": -2.52499998687e-09,
  "i_v1_min": -2.52499998687e-09,
  "i_v1_rms": 2.52499998687e-09,
  "i_v1_avg": -2.52499998688e-09,
  "i_v1_pp": 0.0
}