{
  "solver": "Normal",
  "tnom": 27.0,
  "temp": 27.0,
  "method": "trap",
  "v_n001_max": 1.07806313038,
  "v_n001_min": 1.07806301117,
  "v_n001_rms": 1.07806301117,
  "v_n001_avg": 1.07806301117,
  "v_n001_pp": 1.19209289551e-07,
  "v_n002_max": 5.0,
  "v_n002_min": 5.0,
  "v_n002_rms": 5.0,
  "v_n002_avg": 5.0,
  "v_n002_pp": 0.0,
  "v_n003_max": 0.84808743,
  "v_n003_min": 0.848087251186,
  "v_n003_rms": 0.848087251187,
  "v_n003_avg": 0.848087251187,
  "v_n003_pp": 1.78813934326e-07,
  "v_n004_max": 0.330387681723,
  "v_n004_min": 0.330387592316,
  "v_n004_rms": 0.330387681723,
  "v_n004_avg": 0.330387681722,
  "v_n004_pp": 8.94069671631e-08,
  "i_d1_max": 0.000229975747061,
  "i_d1_min": 0.000229975688853,
  "i_d1_rms": 0.000229975747061,
  "i_d1_avg": 0.000229975747061,
  "i_d1_pp": 5.82076609135e-11,
  "i_r1_max": 0.000769007252529,
  "i_r1_min": 0.000769007252529,
  "i_r1_rms": 0.000769007252529,
  "i_r1_avg": 0.000769007252529,
  "i_r1_pp": 0.0,
  "i_r2_max": -0.00053903152002,
  "i_r2_min": -0.000539031578228,
  "i_r2_rms": 0.00053903152002,
  "i_r2_avg": -0.00053903152002,
  "i_r2_pp": 5.82076609135e-11,
  "i_r3_max": -0.000165193807334,
  "i_r3_min": -0.000165193850989,
  "i_r3_rms": 0.000165193850989,
  "i_r3_avg": -0.000165193850989,
  "i_r3_pp": 4.36557456851e-11,
  "i_r4_max": 0.000229975747061,
  "i_r4_min": 0.000229975688853,
  "i_r4_rms": 0.000229975747061,
  "i_r4_avg": 0.000229975747061,
  "i_r4_pp": 5.82076609135e-11,
  "i_r5_max": -6.47818815196e-05,
  "i_r5_min": -6.47818960715e-05,
  "i_r5_rms": 6.47818960715e-05,
  "i_r5_avg": -6.47818960715e-05,
  "i_r5_pp": 1.45519152284e-11,
  "i_v1_max": -0.000769007252529,
  "i_v1_min": -0.000769007252529,
  "i_v1_rms": 0.000769007252529,
  "i_v1_avg": -0.000769007252529,
  "i_v1_pp": 0.0
}