{
  "variant_id": "lab4_task1_part2_1500__golden",
  "return_code": 0,
  "success": true,
  "log_path": "pipeline\\out_all_labs_rich_v1_train\\lab4_task1_part2_1500\\golden\\lab4_task1_part2_1500__golden.log",
  "raw_path": null,
  "measurements": {
    "solver": "Normal",
    "tnom": 27.0,
    "temp": 27.0,
    "method": "trap",
    "v_n001_max": 5.0,
    "v_n001_min": 5.0,
    "v_n001_rms": 5.0,
    "v_n001_avg": 5.0,
    "v_n001_pp": 0.0,
    "v_vd_max": 3.78749996344e-06,
    "v_vd_min": 3.78749996344e-06,
    "v_vd_rms": 3.78749996344e-06,
    "v_vd_avg": 3.78749996344e-06,
    "v_vd_pp": 0.0,
    "i_d1_max": -2.52499998687e-09,
    "i_d1_min": -2.52499998687e-09,
    "i_d1_rms": 2.52499998687e-09,
    "i_d1_avg": -2.52499998688e-09,
    "i_d1_pp": 0.0,
    "i_r1_max": 2.52499998687e-09,
    "i_r1_min": 2.52499998687e-09,
    "i_r1_rms": 2.52499998687e-09,
    "i_r1_avg": 2.52499998688e-09,
    "i_r1_pp": 0.0,
    "i_v1_max": -2.52499998687e-09,
    "i_v1_min": -2.52499998687e-09,
    "i_v1_rms": 2.52499998687e-09,
    "i_v1_avg": -2.52499998688e-09,
    "i_v1_pp": 0.0
  },
  "stderr": "",
  "stdout": "",
  "netlist_path": "pipeline\\out_all_labs_rich_v1_train\\lab4_task1_part2_1500\\golden\\lab4_task1_part2_1500__golden.cir"
}