{
  "circuit_name": "lab4_task2_part1_-2",
  "node_voltages": {
    "-VCC": -5.0,
    "N001": -3.44811,
    "N002": -2.0,
    "VCC": -5.0,
    "VOUT": -4.92446
  },
  "source_currents": {
    "V1": -0.00144811,
    "V2": -142379000000.0,
    "V3": -142379000000.0
  },
  "temp": 27.0,
  "tnom": 27.0,
  "strict": true
}