{
  "circuit_name": "Lab9_2",
  "node_voltages": {
    "N001": 0.949862837791,
    "N002": 0.182708635926,
    "N003": 5.0,
    "N004": 1.0,
    "N005": 0.181716322899,
    "N006": -5.0
  },
  "source_currents": {
    "V1": -0.00144231587183,
    "V2": 0.00146100576967,
    "V3": 3.54674484697e-05
  },
  "temp": 27.0,
  "tnom": 27.0,
  "strict": true
}
