{
  "source_data_file": "ltspice_llm_pipeline_vnext_20260303\\pipeline\\out_all_labs_rich_v3_evalfresh_newseed\\merged_finetune_rich_v3eval_tagged\\val_instruct.jsonl",
  "row_index": 0,
  "instruction": "Classify the LTspice fault and provide a fix. Return exactly two lines: FaultType then Diagnosis/Fix. Use resistor_wrong_value when a resistor value is incorrect. Use param_drift for non-resistor parameter drift (for example source/supply drift).",
  "parsed_input": {
    "circuit_name": "Lab3_1_V1_only",
    "variant_id": null,
    "lab_name": null,
    "task": "choose the most likely fault class and provide diagnosis/fix.",
    "sim_success": true,
    "measured": {
      "v_n002_max": -5.0,
      "v_n002_min": -5.0,
      "v_n002_avg": -5.0,
      "v_n001_max": -0.886044,
      "v_n001_min": -0.886044,
      "v_n001_avg": -0.886044,
      "v_n003_avg": -0.522407,
      "v_n003_max": -0.522407,
      "v_n003_min": -0.522407,
      "i_r1_max": -0.000806658,
      "i_r1_min": -0.000806658,
      "i_r1_avg": -0.000806658,
      "i_r2_max": 0.000443022,
      "i_r2_min": 0.000443022,
      "i_r2_avg": 0.000443022,
      "i_r4_max": -0.000363636,
      "i_r4_min": -0.000363636,
      "i_r4_avg": -0.000363636,
      "i_r3_max": 0.000261204,
      "i_r3_min": 0.000261204,
      "i_r3_avg": 0.000261204,
      "i_r5_max": 0.000102433,
      "i_r5_min": 0.000102433,
      "i_r5_avg": 0.000102433,
      "v_n001_rms": 0.886044,
      "v_n002_rms": 5.0,
      "v_n003_rms": 0.522407,
      "v_n001_pp": 0.0,
      "v_n002_pp": 0.0,
      "v_n003_pp": 0.0,
      "i_r1_rms": 0.000806658,
      "i_r2_rms": 0.000443022,
      "i_r3_rms": 0.000261204,
      "i_r4_rms": 0.000363636,
      "i_r5_rms": 0.000102433,
      "i_r1_pp": 0.0
    },
    "deltas_vs_golden": {
      "v_n002_max_delta": -10.0,
      "v_n002_min_delta": -10.0,
      "v_n002_avg_delta": -10.0,
      "v_n001_max_delta": -1.77209,
      "v_n001_min_delta": -1.77209,
      "v_n001_avg_delta": -1.77209,
      "v_n003_avg_delta": -1.04481,
      "v_n003_max_delta": -1.04481,
      "v_n003_min_delta": -1.04481,
      "i_r1_max_delta": -0.00161332,
      "i_r1_min_delta": -0.00161332,
      "i_r1_avg_delta": -0.00161332,
      "i_r2_max_delta": 0.000886044,
      "i_r2_min_delta": 0.000886044,
      "i_r2_avg_delta": 0.000886044,
      "i_r4_max_delta": -0.000727273,
      "i_r4_min_delta": -0.000727273,
      "i_r4_avg_delta": -0.000727273,
      "i_r3_max_delta": 0.000522407,
      "i_r3_min_delta": 0.000522407,
      "i_r3_avg_delta": 0.000522407,
      "i_r5_max_delta": 0.000204866,
      "i_r5_min_delta": 0.000204866,
      "i_r5_avg_delta": 0.000204866,
      "v_n001_rms_delta": 0.0,
      "v_n002_rms_delta": 0.0,
      "v_n003_rms_delta": 0.0,
      "v_n001_pp_delta": 0.0,
      "v_n002_pp_delta": 0.0,
      "v_n003_pp_delta": 0.0,
      "i_r1_rms_delta": 0.0,
      "i_r2_rms_delta": 0.0,
      "i_r3_rms_delta": 0.0,
      "i_r4_rms_delta": 0.0,
      "i_r5_rms_delta": 0.0,
      "i_r1_pp_delta": 0.0
    },
    "golden_measurements": {},
    "other_lines": []
  },
  "expected": {
    "raw_text": "FaultType: swapped_nodes\nDiagnosis: swapped terminals on a component/source. Fix: swap the two connections back to their intended nodes.",
    "fault_type": "swapped_nodes"
  },
  "payload_file": "circuit_debug_api\\demo_payloads\\my_eval_request.json"
}