{
  "circuit_name": "Lab3_1_V1_only",
  "node_voltages": {
    "N001": -0.886044,
    "N002": -5.0,
    "N003": -0.522407
  },
  "node_measurements": {
    "N002": {
      "max": -5.0,
      "min": -5.0,
      "avg": -5.0,
      "rms": 5.0,
      "pp": 0.0
    },
    "N001": {
      "max": -0.886044,
      "min": -0.886044,
      "avg": -0.886044,
      "rms": 0.886044,
      "pp": 0.0
    },
    "N003": {
      "avg": -0.522407,
      "max": -0.522407,
      "min": -0.522407,
      "rms": 0.522407,
      "pp": 0.0
    }
  },
  "source_currents": {},
  "source_current_measurements": {},
  "measurement_overrides": {
    "v_n002_max": -5.0,
    "v_n002_min": -5.0,
    "v_n002_avg": -5.0,
    "v_n001_max": -0.886044,
    "v_n001_min": -0.886044,
    "v_n001_avg": -0.886044,
    "v_n003_avg": -0.522407,
    "v_n003_max": -0.522407,
    "v_n003_min": -0.522407,
    "i_r1_max": -0.000806658,
    "i_r1_min": -0.000806658,
    "i_r1_avg": -0.000806658,
    "i_r2_max": 0.000443022,
    "i_r2_min": 0.000443022,
    "i_r2_avg": 0.000443022,
    "i_r4_max": -0.000363636,
    "i_r4_min": -0.000363636,
    "i_r4_avg": -0.000363636,
    "i_r3_max": 0.000261204,
    "i_r3_min": 0.000261204,
    "i_r3_avg": 0.000261204,
    "i_r5_max": 0.000102433,
    "i_r5_min": 0.000102433,
    "i_r5_avg": 0.000102433,
    "v_n001_rms": 0.886044,
    "v_n002_rms": 5.0,
    "v_n003_rms": 0.522407,
    "v_n001_pp": 0.0,
    "v_n002_pp": 0.0,
    "v_n003_pp": 0.0,
    "i_r1_rms": 0.000806658,
    "i_r2_rms": 0.000443022,
    "i_r3_rms": 0.000261204,
    "i_r4_rms": 0.000363636,
    "i_r5_rms": 0.000102433,
    "i_r1_pp": 0.0
  },
  "temp": 27.0,
  "tnom": 27.0,
  "strict": false
}