{
  "solver": "Normal",
  "tnom": 27.0,
  "temp": 27.0,
  "method": "trap",
  "v__vcc_max": -5.0,
  "v__vcc_min": -5.0,
  "v__vcc_rms": 5.0,
  "v__vcc_avg": -5.0,
  "v__vcc_pp": 0.0,
  "v_n001_max": 0.00100000924431,
  "v_n001_min": 0.00100000901148,
  "v_n001_rms": 0.00100000912789,
  "v_n001_avg": 0.00100000912789,
  "v_n001_pp": 2.32830643654e-10,
  "v_n002_max": 5.0,
  "v_n002_min": 5.0,
  "v_n002_rms": 5.0,
  "v_n002_avg": 5.0,
  "v_n002_pp": 0.0,
  "v_vcc_max": 5.0,
  "v_vcc_min": 5.0,
  "v_vcc_rms": 5.0,
  "v_vcc_avg": 5.0,
  "v_vcc_pp": 0.0,
  "v_vout_max": 0.00132784096058,
  "v_vout_min": 0.00132784072775,
  "v_vout_rms": 0.00132784072776,
  "v_vout_avg": 0.00132784072776,
  "v_vout_pp": 2.32830643654e-10,
  "i_d1_max": -2.52498733033e-09,
  "i_d1_min": -2.52500043096e-09,
  "i_d1_rms": 2.5249989877e-09,
  "i_d1_avg": -2.5249989877e-09,
  "i_d1_pp": 1.31006316906e-14,
  "i_r2_max": 9.934294809e-08,
  "i_r2_min": 9.93429338791e-08,
  "i_r2_rms": 9.93429338792e-08,
  "i_r2_avg": 9.93429338792e-08,
  "i_r2_pp": 1.42108547152e-14,
  "i_v1_max": -2.52498733033e-09,
  "i_v1_min": -2.52500043096e-09,
  "i_v1_rms": 2.5249989877e-09,
  "i_v1_avg": -2.5249989877e-09,
  "i_v1_pp": 1.31006316906e-14,
  "i_v2_max": -0.00145110778976,
  "i_v2_min": -0.00145110778976,
  "i_v2_rms": 0.00145110778976,
  "i_v2_avg": -0.00145110778976,
  "i_v2_pp": 0.0,
  "i_v3_max": 0.00145116820931,
  "i_v3_min": 0.00145116820931,
  "i_v3_rms": 0.00145116820931,
  "i_v3_avg": 0.00145116820931,
  "i_v3_pp": 0.0
}