{
  "solver": "Normal",
  "tnom": 27.0,
  "temp": 27.0,
  "method": "trap",
  "v__vcc_max": -5.0,
  "v__vcc_min": -5.0,
  "v__vcc_rms": 5.0,
  "v__vcc_avg": -5.0,
  "v__vcc_pp": 0.0,
  "v_n001_max": 0.00100000575185,
  "v_n001_min": 0.00100000575185,
  "v_n001_rms": 0.00100000575185,
  "v_n001_avg": 0.00100000575185,
  "v_n001_pp": 0.0,
  "v_n002_max": 5.0,
  "v_n002_min": 5.0,
  "v_n002_rms": 5.0,
  "v_n002_avg": 5.0,
  "v_n002_pp": 0.0,
  "v_vcc_max": 5.0,
  "v_vcc_min": 5.0,
  "v_vcc_rms": 5.0,
  "v_vcc_avg": 5.0,
  "v_vcc_pp": 0.0,
  "v_vout_max": 0.00199343496934,
  "v_vout_min": 0.00199343496934,
  "v_vout_rms": 0.00199343496934,
  "v_vout_avg": 0.00199343496934,
  "v_vout_pp": 0.0,
  "i_d1_max": -2.52499554598e-09,
  "i_d1_min": -2.52500154119e-09,
  "i_d1_rms": 2.52499909178e-09,
  "i_d1_avg": -2.52499909178e-09,
  "i_d1_pp": 5.99520433298e-15,
  "i_r2_max": 9.93429267737e-08,
  "i_r2_min": 9.93429196683e-08,
  "i_r2_rms": 9.93429267737e-08,
  "i_r2_avg": 9.93429267737e-08,
  "i_r2_pp": 7.1054273576e-15,
  "i_v1_max": -2.52499554598e-09,
  "i_v1_min": -2.52500154119e-09,
  "i_v1_rms": 2.52499909178e-09,
  "i_v1_avg": -2.52499909178e-09,
  "i_v1_pp": 5.99520433298e-15,
  "i_v2_max": -0.00145110778976,
  "i_v2_min": -0.00145110778976,
  "i_v2_rms": 0.00145110778976,
  "i_v2_avg": -0.00145110778976,
  "i_v2_pp": 0.0,
  "i_v3_max": 0.00145116820931,
  "i_v3_min": 0.00145116820931,
  "i_v3_rms": 0.00145116820931,
  "i_v3_avg": 0.00145116820931,
  "i_v3_pp": 0.0
}