{
  "variant_id": "lab4_task1_part1_300__golden",
  "return_code": 0,
  "success": true,
  "log_path": "pipeline\\out_all_labs_rich_v1_train\\lab4_task1_part1_300\\golden\\lab4_task1_part1_300__golden.log",
  "raw_path": null,
  "measurements": {
    "solver": "Normal",
    "tnom": 27.0,
    "temp": 27.0,
    "method": "trap",
    "v_n001_max": 5.0,
    "v_n001_min": 5.0,
    "v_n001_rms": 5.0,
    "v_n001_avg": 5.0,
    "v_n001_pp": 0.0,
    "v_ve_max": 4.28718948364,
    "v_ve_min": 4.28718948364,
    "v_ve_rms": 4.28718948364,
    "v_ve_avg": 4.28718948364,
    "v_ve_pp": 0.0,
    "i_d1_max": 0.0142906326801,
    "i_d1_min": 0.0142906326801,
    "i_d1_rms": 0.0142906326801,
    "i_d1_avg": 0.0142906326801,
    "i_d1_pp": 0.0,
    "i_r1_max": 0.0142906326801,
    "i_r1_min": 0.0142906326801,
    "i_r1_rms": 0.0142906326801,
    "i_r1_avg": 0.0142906326801,
    "i_r1_pp": 0.0,
    "i_v1_max": -0.0142906326801,
    "i_v1_min": -0.0142906326801,
    "i_v1_rms": 0.0142906326801,
    "i_v1_avg": -0.0142906326801,
    "i_v1_pp": 0.0
  },
  "stderr": "",
  "stdout": "",
  "netlist_path": "pipeline\\out_all_labs_rich_v1_train\\lab4_task1_part1_300\\golden\\lab4_task1_part1_300__golden.cir"
}