{
  "solver": "Normal",
  "tnom": 27.0,
  "temp": 27.0,
  "method": "trap",
  "v_n001_max": 1.41889882088,
  "v_n001_min": 1.41889882088,
  "v_n001_rms": 1.41889882088,
  "v_n001_avg": 1.41889882088,
  "v_n001_pp": 0.0,
  "v_n002_max": 5.0,
  "v_n002_min": 5.0,
  "v_n002_rms": 5.0,
  "v_n002_avg": 5.0,
  "v_n002_pp": 0.0,
  "v_n003_max": 1.42617154121,
  "v_n003_min": 1.42617154121,
  "v_n003_rms": 1.42617154121,
  "v_n003_avg": 1.42617154121,
  "v_n003_pp": 0.0,
  "v_n004_max": 2.0,
  "v_n004_min": 2.0,
  "v_n004_rms": 2.0,
  "v_n004_avg": 2.0,
  "v_n004_pp": 0.0,
  "i_r1_max": 0.000702176708728,
  "i_r1_min": 0.000702176708728,
  "i_r1_rms": 0.000702176708728,
  "i_r1_avg": 0.000702176708728,
  "i_r1_pp": 0.0,
  "i_r2_max": -0.000709449406713,
  "i_r2_min": -0.000709449406713,
  "i_r2_rms": 0.000709449406713,
  "i_r2_avg": -0.000709449406713,
  "i_r2_pp": 0.0,
  "i_r3_max": 0.00028691420448,
  "i_r3_min": 0.00028691420448,
  "i_r3_rms": 0.00028691420448,
  "i_r3_avg": 0.00028691420448,
  "i_r3_pp": 0.0,
  "i_r4_max": -7.272727089e-06,
  "i_r4_min": -7.272727089e-06,
  "i_r4_rms": 7.272727089e-06,
  "i_r4_avg": -7.272727089e-06,
  "i_r4_pp": 0.0,
  "i_r5_max": -0.000279641477391,
  "i_r5_min": -0.000279641477391,
  "i_r5_rms": 0.000279641477391,
  "i_r5_avg": -0.000279641477391,
  "i_r5_pp": 0.0,
  "i_v1_max": -0.000702176708728,
  "i_v1_min": -0.000702176708728,
  "i_v1_rms": 0.000702176708728,
  "i_v1_avg": -0.000702176708728,
  "i_v1_pp": 0.0,
  "i_v2_max": -0.00028691420448,
  "i_v2_min": -0.00028691420448,
  "i_v2_rms": 0.00028691420448,
  "i_v2_avg": -0.00028691420448,
  "i_v2_pp": 0.0
}