{
  "variant_id": "Lab1_1_100000__golden",
  "return_code": 0,
  "success": true,
  "log_path": "pipeline\\out_all_labs_rich_v1_train\\Lab1_1_100000\\golden\\Lab1_1_100000__golden.log",
  "raw_path": null,
  "measurements": {
    "solver": "Normal",
    "tnom": 27.0,
    "temp": 27.0,
    "method": "trap",
    "v_n001_max": 9.0,
    "v_n001_min": 9.0,
    "v_n001_rms": 9.0,
    "v_n001_avg": 9.0,
    "v_n001_pp": 0.0,
    "i_r1_max": -9.00000013644e-05,
    "i_r1_min": -9.00000013644e-05,
    "i_r1_rms": 9.00000013644e-05,
    "i_r1_avg": -9.00000013644e-05,
    "i_r1_pp": 0.0,
    "i_v1_max": -9.00000013644e-05,
    "i_v1_min": -9.00000013644e-05,
    "i_v1_rms": 9.00000013644e-05,
    "i_v1_avg": -9.00000013644e-05,
    "i_v1_pp": 0.0
  },
  "stderr": "",
  "stdout": "",
  "netlist_path": "pipeline\\out_all_labs_rich_v1_train\\Lab1_1_100000\\golden\\Lab1_1_100000__golden.cir"
}