{
  "variant_id": "lab4_task2_part2_5__golden",
  "return_code": 0,
  "success": true,
  "log_path": "pipeline\\out_all_labs_rich_v1_train\\lab4_task2_part2_5\\golden\\lab4_task2_part2_5__golden.log",
  "raw_path": null,
  "measurements": {
    "solver": "Normal",
    "tnom": 27.0,
    "temp": 27.0,
    "method": "trap",
    "v__vcc_max": -5.0,
    "v__vcc_min": -5.0,
    "v__vcc_rms": 5.0,
    "v__vcc_avg": -5.0,
    "v__vcc_pp": 0.0,
    "v_n001_max": 1.31252765656,
    "v_n001_min": 1.31252765656,
    "v_n001_rms": 1.31252765656,
    "v_n001_avg": 1.31252765656,
    "v_n001_pp": 0.0,
    "v_n002_max": 4.98503065109,
    "v_n002_min": 4.98503065109,
    "v_n002_rms": 4.98503065109,
    "v_n002_avg": 4.98503065109,
    "v_n002_pp": 0.0,
    "v_n003_max": 5.0,
    "v_n003_min": 5.0,
    "v_n003_rms": 5.0,
    "v_n003_avg": 5.0,
    "v_n003_pp": 0.0,
    "v_vcc_max": 5.0,
    "v_vcc_min": 5.0,
    "v_vcc_rms": 5.0,
    "v_vcc_avg": 5.0,
    "v_vcc_pp": 0.0,
    "v_vout_max": 3.92293286324,
    "v_vout_min": 3.92293286324,
    "v_vout_rms": 3.92293286324,
    "v_vout_avg": 3.92293286324,
    "v_vout_pp": 0.0,
    "i_r1_max": 0.00131252768915,
    "i_r1_min": 0.00131252768915,
    "i_r1_rms": 0.00131252768915,
    "i_r1_avg": 0.00131252768915,
    "i_r1_pp": 0.0,
    "i_r2_max": 0.00130520260427,
    "i_r2_min": 0.00130520260427,
    "i_r2_rms": 0.00130520260427,
    "i_r2_avg": 0.00130520260427,
    "i_r2_pp": 0.0,
    "i_r3_max": -7.48475076762e-06,
    "i_r3_min": -7.48475076762e-06,
    "i_r3_rms": 7.48475076762e-06,
    "i_r3_avg": -7.48475076762e-06,
    "i_r3_pp": 0.0,
    "i_v1_max": -7.48475076762e-06,
    "i_v1_min": -7.48475076762e-06,
    "i_v1_rms": 7.48475076762e-06,
    "i_v1_avg": -7.48475076762e-06,
    "i_v1_pp": 0.0,
    "i_v2_max": -0.00268149771728,
    "i_v2_min": -0.00268149771728,
    "i_v2_rms": 0.00268149771728,
    "i_v2_avg": -0.00268149771728,
    "i_v2_pp": 0.0,
    "i_v3_max": 0.00137645495124,
    "i_v3_min": 0.00137645495124,
    "i_v3_rms": 0.00137645495124,
    "i_v3_avg": 0.00137645495124,
    "i_v3_pp": 0.0
  },
  "stderr": "",
  "stdout": "",
  "netlist_path": "pipeline\\out_all_labs_rich_v1_train\\lab4_task2_part2_5\\golden\\lab4_task2_part2_5__golden.cir"
}