{
  "variant_id": "lab4_task1_part3_1500__golden",
  "return_code": 0,
  "success": true,
  "log_path": "pipeline\\out_all_labs_rich_v1_train\\lab4_task1_part3_1500\\golden\\lab4_task1_part3_1500__golden.log",
  "raw_path": null,
  "measurements": {
    "solver": "Normal",
    "tnom": 27.0,
    "temp": 27.0,
    "method": "trap",
    "v__vcc_max": -5.0,
    "v__vcc_min": -5.0,
    "v__vcc_rms": 5.0,
    "v__vcc_avg": -5.0,
    "v__vcc_pp": 0.0,
    "v_n001_max": 0.00100001005922,
    "v_n001_min": 0.00100000982638,
    "v_n001_rms": 0.0010000099428,
    "v_n001_avg": 0.0010000099428,
    "v_n001_pp": 2.32830643654e-10,
    "v_n002_max": 5.0,
    "v_n002_min": 5.0,
    "v_n002_rms": 5.0,
    "v_n002_avg": 5.0,
    "v_n002_pp": 0.0,
    "v_vcc_max": 5.0,
    "v_vcc_min": 5.0,
    "v_vcc_rms": 5.0,
    "v_vcc_avg": 5.0,
    "v_vcc_pp": 0.0,
    "v_vout_max": 0.00114902446512,
    "v_vout_min": 0.00114902434871,
    "v_vout_rms": 0.00114902434871,
    "v_vout_avg": 0.00114902434871,
    "v_vout_pp": 1.16415321827e-10,
    "i_d1_max": -2.524871201e-09,
    "i_d1_min": -2.5250010971e-09,
    "i_d1_rms": 2.52499907332e-09,
    "i_d1_avg": -2.52499907332e-09,
    "i_d1_pp": 1.29896093881e-13,
    "i_r2_max": 9.93430688823e-08,
    "i_r2_min": 9.93429338791e-08,
    "i_r2_rms": 9.93429409846e-08,
    "i_r2_avg": 9.93429409846e-08,
    "i_r2_pp": 1.35003119794e-13,
    "i_v1_max": -2.524871201e-09,
    "i_v1_min": -2.5250010971e-09,
    "i_v1_rms": 2.52499907332e-09,
    "i_v1_avg": -2.52499907332e-09,
    "i_v1_pp": 1.29896093881e-13,
    "i_v2_max": -0.00145110778976,
    "i_v2_min": -0.00145110778976,
    "i_v2_rms": 0.00145110778976,
    "i_v2_avg": -0.00145110778976,
    "i_v2_pp": 0.0,
    "i_v3_max": 0.00145116820931,
    "i_v3_min": 0.00145116820931,
    "i_v3_rms": 0.00145116820931,
    "i_v3_avg": 0.00145116820931,
    "i_v3_pp": 0.0
  },
  "stderr": "",
  "stdout": "",
  "netlist_path": "pipeline\\out_all_labs_rich_v1_train\\lab4_task1_part3_1500\\golden\\lab4_task1_part3_1500__golden.cir"
}