{
  "variant_id": "lab4_task2_part2_1__golden",
  "return_code": 0,
  "success": true,
  "log_path": "pipeline\\out_all_labs_rich_v1_train\\lab4_task2_part2_1\\golden\\lab4_task2_part2_1__golden.log",
  "raw_path": null,
  "measurements": {
    "solver": "Normal",
    "tnom": 27.0,
    "temp": 27.0,
    "method": "trap",
    "v__vcc_max": -5.0,
    "v__vcc_min": -5.0,
    "v__vcc_rms": 5.0,
    "v__vcc_avg": -5.0,
    "v__vcc_pp": 0.0,
    "v_n001_max": 1.00090050697,
    "v_n001_min": 1.00090050697,
    "v_n001_rms": 1.00090050697,
    "v_n001_avg": 1.00090050697,
    "v_n001_pp": 0.0,
    "v_n002_max": 0.999884307384,
    "v_n002_min": 0.999884307384,
    "v_n002_rms": 0.999884307385,
    "v_n002_avg": 0.999884307384,
    "v_n002_pp": 0.0,
    "v_n003_max": 1.0,
    "v_n003_min": 1.0,
    "v_n003_rms": 1.0,
    "v_n003_avg": 1.0,
    "v_n003_pp": 0.0,
    "v_vcc_max": 5.0,
    "v_vcc_min": 5.0,
    "v_vcc_rms": 5.0,
    "v_vcc_avg": 5.0,
    "v_vcc_pp": 0.0,
    "v_vout_max": 3.00290513039,
    "v_vout_min": 3.00290513039,
    "v_vout_rms": 3.00290513039,
    "v_vout_avg": 3.00290513039,
    "v_vout_pp": 0.0,
    "i_r1_max": 0.0010009004036,
    "i_r1_min": 0.0010009004036,
    "i_r1_rms": 0.0010009004036,
    "i_r1_avg": 0.0010009004036,
    "i_r1_pp": 0.0,
    "i_r2_max": 0.00100100238342,
    "i_r2_min": 0.00100100238342,
    "i_r2_rms": 0.00100100238342,
    "i_r2_avg": 0.00100100238342,
    "i_r2_pp": 0.0,
    "i_r3_max": -5.78604435475e-08,
    "i_r3_min": -5.78604435475e-08,
    "i_r3_rms": 5.78604435475e-08,
    "i_r3_avg": -5.78604435475e-08,
    "i_r3_pp": 0.0,
    "i_v1_max": -5.78604435475e-08,
    "i_v1_min": -5.78604435475e-08,
    "i_v1_rms": 5.78604435475e-08,
    "i_v1_avg": -5.78604435475e-08,
    "i_v1_pp": 0.0,
    "i_v2_max": -0.00237837922759,
    "i_v2_min": -0.00237837922759,
    "i_v2_rms": 0.00237837922759,
    "i_v2_avg": -0.00237837922759,
    "i_v2_pp": 0.0,
    "i_v3_max": 0.001377536566,
    "i_v3_min": 0.001377536566,
    "i_v3_rms": 0.001377536566,
    "i_v3_avg": 0.001377536566,
    "i_v3_pp": 0.0
  },
  "stderr": "",
  "stdout": "",
  "netlist_path": "pipeline\\out_all_labs_rich_v1_train\\lab4_task2_part2_1\\golden\\lab4_task2_part2_1__golden.cir"
}