{
  "solver": "Normal",
  "tnom": 27.0,
  "temp": 27.0,
  "method": "trap",
  "v_n001_max": 0.999129533768,
  "v_n001_min": -1.00087738037,
  "v_n001_rms": 0.984799988199,
  "v_n001_avg": -0.000673807679573,
  "v_n001_pp": 2.00000691414,
  "v_n002_max": 0.975458502769,
  "v_n002_min": -1.01172530651,
  "v_n002_rms": 0.776944648228,
  "v_n002_avg": -0.0126989802042,
  "v_n002_pp": 1.98718380928,
  "v_n003_max": 5.0,
  "v_n003_min": 5.0,
  "v_n003_rms": 5.0,
  "v_n003_avg": 5.0,
  "v_n003_pp": 0.0,
  "v_n004_max": 1.0,
  "v_n004_min": -1.0,
  "v_n004_rms": 0.999933162099,
  "v_n004_avg": 0.000200000000191,
  "v_n004_pp": 2.0,
  "v_n005_max": 0.972988247871,
  "v_n005_min": -1.01245713234,
  "v_n005_rms": 0.776940685291,
  "v_n005_avg": -0.0136984224819,
  "v_n005_pp": 1.98544538021,
  "v_n006_max": -5.0,
  "v_n006_min": -5.0,
  "v_n006_rms": 5.0,
  "v_n006_avg": -5.0,
  "v_n006_pp": 0.0,
  "i_c1_max": 8.09873836261e-06,
  "i_c1_min": -8.04001319921e-06,
  "i_c1_rms": 3.0380596263e-06,
  "i_c1_avg": 7.25378737941e-09,
  "i_c1_pp": 1.61387515618e-05,
  "i_c2_max": 0.000131163353217,
  "i_c2_min": -0.000131289009005,
  "i_c2_rms": 1.10822026726e-05,
  "i_c2_avg": 7.2550564522e-09,
  "i_c2_pp": 0.000262452362222,
  "i_r1_max": 0.00013112812303,
  "i_r1_min": -0.000131428387249,
  "i_r1_rms": 1.14904273673e-05,
  "i_r1_avg": -5.78680483465e-08,
  "i_r1_pp": 0.000262556510279,
  "i_r2_max": 7.98221844889e-06,
  "i_r2_min": -8.15776274976e-06,
  "i_r2_rms": 3.03907500949e-06,
  "i_r2_avg": -6.51230781595e-08,
  "i_r2_pp": 1.61399811986e-05,
  "i_v1_max": -0.00140853773337,
  "i_v1_min": -0.00153976946604,
  "i_v1_rms": 0.00145130007794,
  "i_v1_avg": -0.0014512887825,
  "i_v1_pp": 0.000131231732666,
  "i_v2_max": 0.00153987342492,
  "i_v2_min": 0.0014086846495,
  "i_v2_rms": 0.0014513506444,
  "i_v2_avg": 0.00145133939786,
  "i_v2_pp": 0.000131188775413,
  "i_v3_max": 0.00013112812303,
  "i_v3_min": -0.000131428401801,
  "i_v3_rms": 1.14904275159e-05,
  "i_v3_avg": -5.7868032417e-08,
  "i_v3_pp": 0.000262556524831
}