{
  "solver": "Normal",
  "tnom": 27.0,
  "temp": 27.0,
  "method": "trap",
  "v_n001_max": 0.532855331898,
  "v_n001_min": 0.532855331898,
  "v_n001_rms": 0.532855331898,
  "v_n001_avg": 0.532855331898,
  "v_n001_pp": 0.0,
  "v_n002_max": 0.903764426708,
  "v_n002_min": 0.903764426708,
  "v_n002_rms": 0.903764426708,
  "v_n002_avg": 0.903764426708,
  "v_n002_pp": 0.0,
  "v_n003_max": 2.0,
  "v_n003_min": 2.0,
  "v_n003_rms": 2.0,
  "v_n003_avg": 2.0,
  "v_n003_pp": 0.0,
  "i_r1_max": -0.000104481434391,
  "i_r1_min": -0.000104481434391,
  "i_r1_rms": 0.000104481434391,
  "i_r1_avg": -0.000104481434391,
  "i_r1_pp": 0.0,
  "i_r2_max": -0.000266427668976,
  "i_r2_min": -0.000266427668976,
  "i_r2_rms": 0.000266427668976,
  "i_r2_avg": -0.000266427668976,
  "i_r2_pp": 0.0,
  "i_r3_max": 0.000548117794096,
  "i_r3_min": 0.000548117794096,
  "i_r3_rms": 0.000548117794096,
  "i_r3_avg": 0.000548117794096,
  "i_r3_pp": 0.0,
  "i_r4_max": -0.000370909081539,
  "i_r4_min": -0.000370909081539,
  "i_r4_rms": 0.000370909081539,
  "i_r4_avg": -0.000370909081539,
  "i_r4_pp": 0.0,
  "i_r5_max": -0.000177208712557,
  "i_r5_min": -0.000177208712557,
  "i_r5_rms": 0.000177208712557,
  "i_r5_avg": -0.000177208712557,
  "i_r5_pp": 0.0,
  "i_v2_max": -0.000548117794096,
  "i_v2_min": -0.000548117794096,
  "i_v2_rms": 0.000548117794096,
  "i_v2_avg": -0.000548117794096,
  "i_v2_pp": 0.0
}