{
  "variant_id": "Lab1_2B_5_100__golden",
  "return_code": 0,
  "success": true,
  "log_path": "pipeline\\out_all_labs_rich_v1_train\\Lab1_2B_5_100\\golden\\Lab1_2B_5_100__golden.log",
  "raw_path": null,
  "measurements": {
    "solver": "Normal",
    "tnom": 27.0,
    "temp": 27.0,
    "method": "trap",
    "v_n001_max": 9.0,
    "v_n001_min": 9.0,
    "v_n001_rms": 9.0,
    "v_n001_avg": 9.0,
    "v_n001_pp": 0.0,
    "v_n002_max": 0.110024452209,
    "v_n002_min": 0.110024452209,
    "v_n002_rms": 0.110024452209,
    "v_n002_avg": 0.110024452209,
    "v_n002_pp": 0.0,
    "i_r1_max": 0.0011112469947,
    "i_r1_min": 0.0011112469947,
    "i_r1_rms": 0.0011112469947,
    "i_r1_avg": 0.0011112469947,
    "i_r1_pp": 0.0,
    "i_r2_max": -1.10024448077e-05,
    "i_r2_min": -1.10024448077e-05,
    "i_r2_rms": 1.10024448077e-05,
    "i_r2_avg": -1.10024448077e-05,
    "i_r2_pp": 0.0,
    "i_r3_max": 0.00110024446622,
    "i_r3_min": 0.00110024446622,
    "i_r3_rms": 0.00110024446622,
    "i_r3_avg": 0.00110024446622,
    "i_r3_pp": 0.0,
    "i_v1_max": -0.0011112469947,
    "i_v1_min": -0.0011112469947,
    "i_v1_rms": 0.0011112469947,
    "i_v1_avg": -0.0011112469947,
    "i_v1_pp": 0.0
  },
  "stderr": "",
  "stdout": "",
  "netlist_path": "pipeline\\out_all_labs_rich_v1_train\\Lab1_2B_5_100\\golden\\Lab1_2B_5_100__golden.cir"
}