{
  "solver": "Normal",
  "tnom": 27.0,
  "temp": 27.0,
  "method": "trap",
  "v_n001_max": 0.886043548584,
  "v_n001_min": 0.886043548584,
  "v_n001_rms": 0.886043548584,
  "v_n001_avg": 0.886043548584,
  "v_n001_pp": 0.0,
  "v_n002_max": 5.0,
  "v_n002_min": 5.0,
  "v_n002_rms": 5.0,
  "v_n002_avg": 5.0,
  "v_n002_pp": 0.0,
  "v_n003_max": 0.52240717411,
  "v_n003_min": 0.52240717411,
  "v_n003_rms": 0.52240717411,
  "v_n003_avg": 0.522407174111,
  "v_n003_pp": 0.0,
  "i_r1_max": 0.000806658121292,
  "i_r1_min": 0.000806658121292,
  "i_r1_rms": 0.000806658121291,
  "i_r1_avg": 0.000806658121291,
  "i_r1_pp": 0.0,
  "i_r2_max": -0.000443021766841,
  "i_r2_min": -0.000443021766841,
  "i_r2_rms": 0.000443021766841,
  "i_r2_avg": -0.000443021766841,
  "i_r2_pp": 0.0,
  "i_r3_max": -0.000261203589616,
  "i_r3_min": -0.000261203589616,
  "i_r3_rms": 0.000261203589616,
  "i_r3_avg": -0.000261203589616,
  "i_r3_pp": 0.0,
  "i_r4_max": 0.00036363635445,
  "i_r4_min": 0.00036363635445,
  "i_r4_rms": 0.00036363635445,
  "i_r4_avg": 0.00036363635445,
  "i_r4_pp": 0.0,
  "i_r5_max": -0.000102432779386,
  "i_r5_min": -0.000102432779386,
  "i_r5_rms": 0.000102432779386,
  "i_r5_avg": -0.000102432779386,
  "i_r5_pp": 0.0,
  "i_v1_max": -0.000806658121292,
  "i_v1_min": -0.000806658121292,
  "i_v1_rms": 0.000806658121291,
  "i_v1_avg": -0.000806658121291,
  "i_v1_pp": 0.0
}