{
  "solver": "Normal",
  "tnom": 27.0,
  "temp": 27.0,
  "method": "trap",
  "v__vcc_max": -5.0,
  "v__vcc_min": -5.0,
  "v__vcc_rms": 5.0,
  "v__vcc_avg": -5.0,
  "v__vcc_pp": 0.0,
  "v_n001_max": 0.10000000149,
  "v_n001_min": -1.9103500843,
  "v_n001_rms": 1.90907941708,
  "v_n001_avg": -1.90863458751,
  "v_n001_pp": 2.01035008579,
  "v_n002_max": 0.111189864576,
  "v_n002_min": -3.84131765366,
  "v_n002_rms": 3.8385420946,
  "v_n002_avg": -3.83764830522,
  "v_n002_pp": 3.95250751823,
  "v_n003_max": 0.10100261867,
  "v_n003_min": 0.0576773956418,
  "v_n003_rms": 0.0802923467665,
  "v_n003_avg": 0.0793109855744,
  "v_n003_pp": 0.0433252230287,
  "v_n004_max": 0.111189857125,
  "v_n004_min": -0.684849381447,
  "v_n004_rms": 0.684747970117,
  "v_n004_avg": -0.684702378441,
  "v_n004_pp": 0.796039238572,
  "v_vcc_max": 5.0,
  "v_vcc_min": 5.0,
  "v_vcc_rms": 5.0,
  "v_vcc_avg": 5.0,
  "v_vcc_pp": 0.0,
  "i_c1_max": 1.01002619862e-18,
  "i_c1_min": -4.36241680291e-05,
  "i_c1_rms": 4.33348576805e-05,
  "i_c1_avg": -4.33251982882e-05,
  "i_c1_pp": 4.36241680291e-05,
  "i_d1_max": 8.37349449761e-13,
  "i_d1_min": -6.94849397204e-13,
  "i_d1_rms": 6.94752160236e-13,
  "i_d1_avg": -6.94691126194e-13,
  "i_d1_pp": 1.53219884697e-12,
  "i_d2_max": 0.00315646920353,
  "i_d2_min": -1.21054018589e-13,
  "i_d2_rms": 0.00315389300691,
  "i_d2_avg": 0.00315294632932,
  "i_d2_pp": 0.00315646920365,
  "i_r_max": 1.01872409175e-07,
  "i_r_min": -3.94228336518e-05,
  "i_r_rms": 3.91784056735e-05,
  "i_r_avg": -3.91695928933e-05,
  "i_r_pp": 3.95247060609e-05,
  "i_r1_max": 1.06778279587e-05,
  "i_r1_min": -0.000378621101845,
  "i_r1_rms": 0.000378326015073,
  "i_r1_avg": -0.00037823798324,
  "i_r1_pp": 0.000389298929804,
  "i_r2_max": 1.96078435692e-05,
  "i_r2_min": -0.000374578463379,
  "i_r2_rms": 0.000374329297906,
  "i_r2_avg": -0.000374242076421,
  "i_r2_pp": 0.000394186306949,
  "i_r3_max": 0.00315646827221,
  "i_r3_min": -9.58403495455e-13,
  "i_r3_rms": 0.00315389288276,
  "i_r3_avg": 0.00315294592561,
  "i_r3_pp": 0.00315646827317,
  "i_v1_max": -0.00126249447931,
  "i_v1_min": -0.00145661563147,
  "i_v1_rms": 0.00126671258156,
  "i_v1_avg": -0.00126670474512,
  "i_v1_pp": 0.000194121152163,
  "i_v2_max": 0.00486198021099,
  "i_v2_min": 0.00144601380453,
  "i_v2_rms": 0.00483791139158,
  "i_v2_avg": 0.00483721544363,
  "i_v2_pp": 0.00341596640646
}