{
  "variant_id": "Lab3_2_V2_only__golden",
  "return_code": 0,
  "success": true,
  "log_path": "pipeline\\out_all_labs_rich_v1_train\\Lab3_2_V2_only\\golden\\Lab3_2_V2_only__golden.log",
  "raw_path": null,
  "measurements": {
    "solver": "Normal",
    "tnom": 27.0,
    "temp": 27.0,
    "method": "trap",
    "v_n001_max": 3.62234550266e-06,
    "v_n001_min": 3.62234550266e-06,
    "v_n001_rms": 3.62234550266e-06,
    "v_n001_avg": 3.62234550266e-06,
    "v_n001_pp": 0.0,
    "v_n002_max": 6.14378222963e-06,
    "v_n002_min": 6.14378222963e-06,
    "v_n002_rms": 6.14378222963e-06,
    "v_n002_avg": 6.14378222963e-06,
    "v_n002_pp": 0.0,
    "v_n003_max": 1.43661606312,
    "v_n003_min": 1.43661606312,
    "v_n003_rms": 1.43661606312,
    "v_n003_avg": 1.43661606312,
    "v_n003_pp": 0.0,
    "v_n004_max": 2.0,
    "v_n004_min": 2.0,
    "v_n004_rms": 2.0,
    "v_n004_avg": 2.0,
    "v_n004_pp": 0.0,
    "i_d1_max": -2.52143661505e-09,
    "i_d1_min": -2.52143661505e-09,
    "i_d1_rms": 2.52143661506e-09,
    "i_d1_avg": -2.52143661505e-09,
    "i_d1_pp": 0.0,
    "i_r1_max": -7.10263847736e-10,
    "i_r1_min": -7.10263847736e-10,
    "i_r1_rms": 7.10263847736e-10,
    "i_r1_avg": -7.10263847736e-10,
    "i_r1_pp": 0.0,
    "i_r2_max": -1.81117276732e-09,
    "i_r2_min": -1.81117276732e-09,
    "i_r2_rms": 1.81117276732e-09,
    "i_r2_avg": -1.81117276732e-09,
    "i_r2_pp": 0.0,
    "i_r3_max": 0.000281691958662,
    "i_r3_min": 0.000281691958662,
    "i_r3_rms": 0.000281691958662,
    "i_r3_avg": 0.000281691958662,
    "i_r3_pp": 0.0,
    "i_r4_max": -2.52143661505e-09,
    "i_r4_min": -2.52143661505e-09,
    "i_r4_rms": 2.52143661506e-09,
    "i_r4_avg": -2.52143661505e-09,
    "i_r4_pp": 0.0,
    "i_r5_max": -0.000281689426629,
    "i_r5_min": -0.000281689426629,
    "i_r5_rms": 0.000281689426629,
    "i_r5_avg": -0.000281689426629,
    "i_r5_pp": 0.0,
    "i_v2_max": -0.000281691958662,
    "i_v2_min": -0.000281691958662,
    "i_v2_rms": 0.000281691958662,
    "i_v2_avg": -0.000281691958662,
    "i_v2_pp": 0.0
  },
  "stderr": "",
  "stdout": "",
  "netlist_path": "pipeline\\out_all_labs_rich_v1_train\\Lab3_2_V2_only\\golden\\Lab3_2_V2_only__golden.cir"
}