{
  "solver": "Normal",
  "tnom": 27.0,
  "temp": 27.0,
  "method": "trap",
  "v__vcc_max": -5.0,
  "v__vcc_min": -5.0,
  "v__vcc_rms": 5.0,
  "v__vcc_avg": -5.0,
  "v__vcc_pp": 0.0,
  "v_n001_max": 0.00814620964229,
  "v_n001_min": 0.00100511265919,
  "v_n001_rms": 0.00782696911746,
  "v_n001_avg": 0.00766585059573,
  "v_n001_pp": 0.0071410969831,
  "v_n002_max": 1.97826862335,
  "v_n002_min": 1.0,
  "v_n002_rms": 1.97132606367,
  "v_n002_avg": 1.97103834184,
  "v_n002_pp": 0.978268623352,
  "v_n003_max": 3.96721744537,
  "v_n003_min": 1.01121795177,
  "v_n003_rms": 3.95289286873,
  "v_n003_avg": 3.95202906551,
  "v_n003_pp": 2.9559994936,
  "v_n004_max": 1.0322740078,
  "v_n004_min": 1.00102651119,
  "v_n004_rms": 1.016707511,
  "v_n004_avg": 1.01666742358,
  "v_n004_pp": 0.0312474966049,
  "v_vcc_max": 5.0,
  "v_vcc_min": 5.0,
  "v_vcc_rms": 5.0,
  "v_vcc_avg": 5.0,
  "v_vcc_pp": 0.0,
  "v_vout_max": -1.00767946243,
  "v_vout_min": -3.93690705299,
  "v_vout_rms": 3.90014319198,
  "v_vout_avg": -3.89125013137,
  "v_vout_pp": 2.92922759056,
  "i_c1_max": 2.84918089122e-09,
  "i_c1_min": -0.000186078017578,
  "i_c1_rms": 1.65291473594e-05,
  "i_c1_avg": -2.90431460705e-06,
  "i_c1_pp": 0.000186080866758,
  "i_c2_max": 3.15959878208e-05,
  "i_c2_min": 1.00102651492e-17,
  "i_c2_rms": 3.1255090047e-05,
  "i_c2_avg": 3.12422814042e-05,
  "i_c2_pp": 3.15959878208e-05,
  "i_r1_max": -6.73475224175e-05,
  "i_r1_min": -0.000264224654529,
  "i_r1_rms": 0.000263014966109,
  "i_r1_avg": -0.000262957547399,
  "i_r1_pp": 0.000196877132112,
  "i_r2_max": -6.72456371831e-05,
  "i_r2_min": -0.000263003545115,
  "i_r2_rms": 0.000260523447129,
  "i_r2_avg": -0.000259927732134,
  "i_r2_pp": 0.000195757907932,
  "i_r3_max": 0.000389989989344,
  "i_r3_min": 2.19959406422e-06,
  "i_r3_rms": 0.00038855065626,
  "i_r3_avg": 0.00038842955367,
  "i_r3_pp": 0.00038779039528,
  "i_r4_max": 0.00038789579412,
  "i_r4_min": 0.000196078428417,
  "i_r4_rms": 0.000386534523072,
  "i_r4_avg": 0.000386478107026,
  "i_r4_pp": 0.000191817365703,
  "i_r5_max": 2.96616435662e-05,
  "i_r5_min": 1.01914075401e-07,
  "i_r5_rms": 2.93652205231e-05,
  "i_r5_avg": 2.93536164003e-05,
  "i_r5_pp": 2.95597294908e-05,
  "i_v1_max": -0.00291706365533,
  "i_v1_min": -0.00345641793683,
  "i_v1_rms": 0.0034397359951,
  "i_v1_avg": -0.00343970596646,
  "i_v1_pp": 0.0005393542815,
  "i_v2_max": 0.00303697469644,
  "i_v2_min": 0.00291497958824,
  "i_v2_rms": 0.00302212111228,
  "i_v2_avg": 0.0030221169579,
  "i_v2_pp": 0.000121995108202
}