{
  "solver": "Normal",
  "tnom": 27.0,
  "temp": 27.0,
  "method": "trap",
  "v__vcc_max": -5.0,
  "v__vcc_min": -5.0,
  "v__vcc_rms": 5.0,
  "v__vcc_avg": -5.0,
  "v__vcc_pp": 0.0,
  "v_n001_max": 1.30851972103,
  "v_n001_min": 1.30851972103,
  "v_n001_rms": 1.30851972103,
  "v_n001_avg": 1.30851972103,
  "v_n001_pp": 0.0,
  "v_n002_max": 1.99696671963,
  "v_n002_min": 1.99696671963,
  "v_n002_rms": 1.99696671963,
  "v_n002_avg": 1.99696671963,
  "v_n002_pp": 0.0,
  "v_n003_max": 2.0,
  "v_n003_min": 2.0,
  "v_n003_rms": 2.0,
  "v_n003_avg": 2.0,
  "v_n003_pp": 0.0,
  "v_vcc_max": 5.0,
  "v_vcc_min": 5.0,
  "v_vcc_rms": 5.0,
  "v_vcc_avg": 5.0,
  "v_vcc_pp": 0.0,
  "v_vout_max": 3.92284536362,
  "v_vout_min": 3.92284536362,
  "v_vout_rms": 3.92284536362,
  "v_vout_avg": 3.92284536362,
  "v_vout_pp": 0.0,
  "i_r1_max": 0.00130851974245,
  "i_r1_min": 0.00130851974245,
  "i_r1_rms": 0.00130851974245,
  "i_r1_avg": 0.00130851974245,
  "i_r1_pp": 0.0,
  "i_r2_max": 0.00130716280546,
  "i_r2_min": 0.00130716280546,
  "i_r2_rms": 0.00130716280546,
  "i_r2_avg": 0.00130716280546,
  "i_r2_pp": 0.0,
  "i_r3_max": -1.51663618908e-06,
  "i_r3_min": -1.51663618908e-06,
  "i_r3_rms": 1.51663618908e-06,
  "i_r3_avg": -1.51663618908e-06,
  "i_r3_pp": 0.0,
  "i_v1_max": -1.51663618908e-06,
  "i_v1_min": -1.51663618908e-06,
  "i_v1_rms": 1.51663618908e-06,
  "i_v1_avg": -1.51663618908e-06,
  "i_v1_pp": 0.0,
  "i_v2_max": -0.00268345302902,
  "i_v2_min": -0.00268345302902,
  "i_v2_rms": 0.00268345302902,
  "i_v2_avg": -0.00268345302902,
  "i_v2_pp": 0.0,
  "i_v3_max": 0.00137644994538,
  "i_v3_min": 0.00137644994538,
  "i_v3_rms": 0.00137644994538,
  "i_v3_avg": 0.00137644994538,
  "i_v3_pp": 0.0
}