{
  "solver": "Normal",
  "tnom": 27.0,
  "temp": 27.0,
  "method": "trap",
  "v_n001_max": 0.996832072735,
  "v_n001_min": -1.00087451935,
  "v_n001_rms": 0.871394343487,
  "v_n001_avg": -0.000862666533635,
  "v_n001_pp": 1.99770659208,
  "v_n002_max": 0.995871424675,
  "v_n002_min": -1.00100183487,
  "v_n002_rms": 0.818198251215,
  "v_n002_avg": -0.000967911506584,
  "v_n002_pp": 1.99687325954,
  "v_n003_max": 5.0,
  "v_n003_min": 5.0,
  "v_n003_rms": 5.0,
  "v_n003_avg": 5.0,
  "v_n003_pp": 0.0,
  "v_n004_max": 1.0,
  "v_n004_min": -1.0,
  "v_n004_rms": 0.9999331621,
  "v_n004_avg": 0.000199999999415,
  "v_n004_pp": 2.0,
  "v_n005_max": 0.993147969246,
  "v_n005_min": -1.00174891949,
  "v_n005_rms": 0.818178175489,
  "v_n005_avg": -0.00196779998295,
  "v_n005_pp": 1.99489688873,
  "v_n006_max": -5.0,
  "v_n006_min": -5.0,
  "v_n006_rms": 5.0,
  "v_n006_avg": -5.0,
  "v_n006_pp": 0.0,
  "i_c1_max": 5.63619905734e-05,
  "i_c1_min": -5.62232162338e-05,
  "i_c1_rms": 1.99088834679e-05,
  "i_c1_avg": 1.53193315863e-08,
  "i_c1_pp": 0.000112585206807,
  "i_c2_max": 0.000131135573611,
  "i_c2_min": -0.000131229389808,
  "i_c2_rms": 1.14935059235e-05,
  "i_c2_avg": 2.81231322318e-09,
  "i_c2_pp": 0.000262364963419,
  "i_r1_max": 0.000131565029733,
  "i_r1_min": -0.000131897279061,
  "i_r1_rms": 2.29856273122e-05,
  "i_r1_avg": -7.03752887615e-08,
  "i_r1_pp": 0.000263462308794,
  "i_r2_max": 5.61671986361e-05,
  "i_r2_min": -5.64207293792e-05,
  "i_r2_rms": 1.99093683642e-05,
  "i_r2_avg": -7.31875441651e-08,
  "i_r2_pp": 0.000112587928015,
  "i_v1_max": -0.00140854774509,
  "i_v1_min": -0.00153976795264,
  "i_v1_rms": 0.00145131201443,
  "i_v1_avg": -0.00145129987411,
  "i_v1_pp": 0.00013122020755,
  "i_v2_max": 0.00153982976917,
  "i_v2_min": 0.00140868499875,
  "i_v2_rms": 0.00145136702331,
  "i_v2_avg": 0.0014513549281,
  "i_v2_pp": 0.000131144770421,
  "i_v3_max": 0.00013156553905,
  "i_v3_min": -0.000131897279061,
  "i_v3_rms": 2.29856274149e-05,
  "i_v3_avg": -7.03752706839e-08,
  "i_v3_pp": 0.000263462818111
}