{
  "variant_id": "lab4_task2_part2_3__golden",
  "return_code": 0,
  "success": true,
  "log_path": "pipeline\\out_all_labs_rich_v1_train\\lab4_task2_part2_3\\golden\\lab4_task2_part2_3__golden.log",
  "raw_path": null,
  "measurements": {
    "solver": "Normal",
    "tnom": 27.0,
    "temp": 27.0,
    "method": "trap",
    "v__vcc_max": -5.0,
    "v__vcc_min": -5.0,
    "v__vcc_rms": 5.0,
    "v__vcc_avg": -5.0,
    "v__vcc_pp": 0.0,
    "v_n001_max": 1.30985569954,
    "v_n001_min": 1.30985569954,
    "v_n001_rms": 1.30985569954,
    "v_n001_avg": 1.30985569954,
    "v_n001_pp": 0.0,
    "v_n002_max": 2.99298787117,
    "v_n002_min": 2.99298787117,
    "v_n002_rms": 2.99298787117,
    "v_n002_avg": 2.99298787117,
    "v_n002_pp": 0.0,
    "v_n003_max": 3.0,
    "v_n003_min": 3.0,
    "v_n003_rms": 3.0,
    "v_n003_avg": 3.0,
    "v_n003_pp": 0.0,
    "v_vcc_max": 5.0,
    "v_vcc_min": 5.0,
    "v_vcc_rms": 5.0,
    "v_vcc_avg": 5.0,
    "v_vcc_pp": 0.0,
    "v_vout_max": 3.9228746891,
    "v_vout_min": 3.9228746891,
    "v_vout_rms": 3.9228746891,
    "v_vout_avg": 3.9228746891,
    "v_vout_pp": 0.0,
    "i_r1_max": 0.00130985572468,
    "i_r1_min": 0.00130985572468,
    "i_r1_rms": 0.00130985572468,
    "i_r1_avg": 0.00130985572469,
    "i_r1_pp": 0.0,
    "i_r2_max": 0.00130650948267,
    "i_r2_min": 0.00130650948267,
    "i_r2_rms": 0.00130650948267,
    "i_r2_avg": 0.00130650948267,
    "i_r2_pp": 0.0,
    "i_r3_max": -3.50600771526e-06,
    "i_r3_min": -3.50600771526e-06,
    "i_r3_rms": 3.50600771526e-06,
    "i_r3_avg": -3.50600771526e-06,
    "i_r3_pp": 0.0,
    "i_v1_max": -3.50600771526e-06,
    "i_v1_min": -3.50600771526e-06,
    "i_v1_rms": 3.50600771526e-06,
    "i_v1_avg": -3.50600771526e-06,
    "i_v1_pp": 0.0,
    "i_v2_max": -0.00268280133605,
    "i_v2_min": -0.00268280133605,
    "i_v2_rms": 0.00268280133605,
    "i_v2_avg": -0.00268280133605,
    "i_v2_pp": 0.0,
    "i_v3_max": 0.0013764515752,
    "i_v3_min": 0.0013764515752,
    "i_v3_rms": 0.0013764515752,
    "i_v3_avg": 0.0013764515752,
    "i_v3_pp": 0.0
  },
  "stderr": "",
  "stdout": "",
  "netlist_path": "pipeline\\out_all_labs_rich_v1_train\\lab4_task2_part2_3\\golden\\lab4_task2_part2_3__golden.cir"
}