{
  "solver": "Normal",
  "tnom": 27.0,
  "temp": 27.0,
  "method": "trap",
  "v_n001_max": 0.0583306737244,
  "v_n001_min": -0.00289340293966,
  "v_n001_rms": 0.0324756463677,
  "v_n001_avg": 0.0268909968081,
  "v_n001_pp": 0.0612240766641,
  "v_n002_max": 0.0587870515883,
  "v_n002_min": -0.00224647368304,
  "v_n002_rms": 0.0328531485656,
  "v_n002_avg": 0.0273516838075,
  "v_n002_pp": 0.0610335252713,
  "v_n003_max": 5.0,
  "v_n003_min": 5.0,
  "v_n003_rms": 5.0,
  "v_n003_avg": 5.0,
  "v_n003_pp": 0.0,
  "v_n004_max": 0.0627905204892,
  "v_n004_min": 0.0,
  "v_n004_rms": 0.0362616686201,
  "v_n004_avg": 0.0314055924659,
  "v_n004_pp": 0.0627905204892,
  "v_n005_max": 0.0577863939106,
  "v_n005_min": -0.00324639794417,
  "v_n005_rms": 0.0320252742782,
  "v_n005_avg": 0.0263518399795,
  "v_n005_pp": 0.0610327918548,
  "v_n006_max": -5.0,
  "v_n006_min": -5.0,
  "v_n006_rms": 5.0,
  "v_n006_avg": -5.0,
  "v_n006_pp": 0.0,
  "i_c1_max": 9.3084207009e-09,
  "i_c1_min": -3.09812939747e-08,
  "i_c1_rms": 8.12939324619e-09,
  "i_c1_avg": -1.9055411483e-09,
  "i_c1_pp": 4.02897146756e-08,
  "i_c2_max": 4.08302582855e-08,
  "i_c2_min": -1.62319901054e-23,
  "i_c2_rms": 3.11648434964e-08,
  "i_c2_avg": 3.05163955041e-08,
  "i_c2_pp": 4.08302582855e-08,
  "i_r1_max": -5.78680570129e-08,
  "i_r1_min": -1.12742661429e-07,
  "i_r1_rms": 9.05428670611e-08,
  "i_r1_avg": -9.02919124392e-08,
  "i_r1_pp": 5.4874604416e-08,
  "i_r2_max": -5.78680570129e-08,
  "i_r2_min": -9.87023867083e-08,
  "i_r2_rms": 8.8612378976e-08,
  "i_r2_avg": -8.83863712304e-08,
  "i_r2_pp": 4.08343296954e-08,
  "i_v1_max": -0.00145109358709,
  "i_v1_min": -0.00145111372694,
  "i_v1_rms": 0.00145110813507,
  "i_v1_avg": -0.00145110813506,
  "i_v1_pp": 2.01398506761e-08,
  "i_v2_max": 0.00145118241198,
  "i_v2_min": 0.00145116227213,
  "i_v2_rms": 0.00145116791135,
  "i_v2_avg": 0.00145116791135,
  "i_v2_pp": 2.01398506761e-08,
  "i_v3_max": -5.78680570129e-08,
  "i_v3_min": -1.12742661429e-07,
  "i_v3_rms": 9.05428670611e-08,
  "i_v3_avg": -9.02919124392e-08,
  "i_v3_pp": 5.4874604416e-08
}