{
  "solver": "Normal",
  "tnom": 27.0,
  "temp": 27.0,
  "method": "trap",
  "v_n001_max": 0.999705195427,
  "v_n001_min": -1.00029599667,
  "v_n001_rms": 0.994912370677,
  "v_n001_avg": -9.51349398839e-05,
  "v_n001_pp": 2.00000119209,
  "v_n002_max": 0.858113706112,
  "v_n002_min": -1.02070689201,
  "v_n002_rms": 0.605980634227,
  "v_n002_avg": -0.0412522861807,
  "v_n002_pp": 1.87882059813,
  "v_n003_max": 5.0,
  "v_n003_min": 5.0,
  "v_n003_rms": 5.0,
  "v_n003_avg": 5.0,
  "v_n003_pp": 0.0,
  "v_n004_max": 1.0,
  "v_n004_min": -1.0,
  "v_n004_rms": 0.999933162447,
  "v_n004_avg": 0.000200000000283,
  "v_n004_pp": 2.0,
  "v_n005_max": 0.852817118168,
  "v_n005_min": -1.02114415169,
  "v_n005_rms": 0.606030747147,
  "v_n005_avg": -0.0422494868175,
  "v_n005_pp": 1.87396126986,
  "v_n006_max": -5.0,
  "v_n006_min": -5.0,
  "v_n006_rms": 5.0,
  "v_n006_avg": -5.0,
  "v_n006_pp": 0.0,
  "i_c1_max": 5.22819073012e-06,
  "i_c1_min": -4.89788453706e-06,
  "i_c1_rms": 2.26333556322e-06,
  "i_c1_avg": 5.92193456448e-08,
  "i_c1_pp": 1.01260752672e-05,
  "i_c2_max": 0.00038217799738,
  "i_c2_min": -0.000383423437597,
  "i_c2_rms": 1.96005410163e-05,
  "i_c2_avg": 5.92257463623e-08,
  "i_c2_pp": 0.000765601434978,
  "i_r1_max": 0.000381914171157,
  "i_r1_min": -0.000383603299269,
  "i_r1_rms": 1.97299008671e-05,
  "i_r1_avg": -5.78698358658e-08,
  "i_r1_pp": 0.000765517470427,
  "i_r2_max": 4.84231713926e-06,
  "i_r2_min": -5.28711234438e-06,
  "i_r2_rms": 2.26583700445e-06,
  "i_r2_avg": -1.17095417663e-07,
  "i_r2_pp": 1.01294294836e-05,
  "i_v1_max": -0.00138635211624,
  "i_v1_min": -0.00176862557419,
  "i_v1_rms": 0.00145160252852,
  "i_v1_avg": -0.00145155957621,
  "i_v1_pp": 0.000382273457944,
  "i_v2_max": 0.00176981394179,
  "i_v2_min": 0.00138655293267,
  "i_v2_rms": 0.00145160086651,
  "i_v2_avg": 0.00145155822828,
  "i_v2_pp": 0.000383261009119,
  "i_v3_max": 0.000381914171157,
  "i_v3_min": -0.000383603299269,
  "i_v3_rms": 1.97299014474e-05,
  "i_v3_avg": -5.78696955025e-08,
  "i_v3_pp": 0.000765517470427
}