{
  "solver": "Normal",
  "tnom": 27.0,
  "temp": 27.0,
  "method": "trap",
  "v__vcc_max": -5.0,
  "v__vcc_min": -5.0,
  "v__vcc_rms": 5.0,
  "v__vcc_avg": -5.0,
  "v__vcc_pp": 0.0,
  "v_n001_max": 3.00005984306,
  "v_n001_min": 3.00005984306,
  "v_n001_rms": 3.00005984306,
  "v_n001_avg": 3.00005984306,
  "v_n001_pp": 0.0,
  "v_n002_max": 5.0,
  "v_n002_min": 5.0,
  "v_n002_rms": 5.0,
  "v_n002_avg": 5.0,
  "v_n002_pp": 0.0,
  "v_n003_max": 5.0,
  "v_n003_min": 5.0,
  "v_n003_rms": 5.0,
  "v_n003_avg": 5.0,
  "v_n003_pp": 0.0,
  "v_vcc_max": 5.0,
  "v_vcc_min": 5.0,
  "v_vcc_rms": 5.0,
  "v_vcc_avg": 5.0,
  "v_vcc_pp": 0.0,
  "v_vout_max": -4.98282432556,
  "v_vout_min": -4.98283672333,
  "v_vout_rms": 4.98282560495,
  "v_vout_avg": -4.98282560495,
  "v_vout_pp": 1.23977661133e-05,
  "i_r1_max": 0.00100001995452,
  "i_r1_min": 0.00100001995452,
  "i_r1_rms": 0.00100001995452,
  "i_r1_avg": 0.00100001995452,
  "i_r1_pp": 0.0,
  "i_r2_max": 0.000999970012344,
  "i_r2_min": 0.000999970012344,
  "i_r2_rms": 0.000999970012345,
  "i_r2_avg": 0.000999970012344,
  "i_r2_pp": 0.0,
  "i_r3_max": -1.20719345978e-11,
  "i_r3_min": -1.20719345978e-11,
  "i_r3_rms": 1.20719345978e-11,
  "i_r3_avg": -1.20719345978e-11,
  "i_r3_pp": 0.0,
  "i_v1_max": -1.20719345978e-11,
  "i_v1_min": -1.20719345978e-11,
  "i_v1_rms": 1.20719345978e-11,
  "i_v1_avg": -1.20719345978e-11,
  "i_v1_pp": 0.0,
  "i_v2_max": -0.00131595274433,
  "i_v2_min": -0.00131595274433,
  "i_v2_rms": 0.00131595274434,
  "i_v2_avg": -0.00131595274434,
  "i_v2_pp": 0.0,
  "i_v3_max": 0.000315932789817,
  "i_v3_min": 0.000315932789817,
  "i_v3_rms": 0.000315932789817,
  "i_v3_avg": 0.000315932789818,
  "i_v3_pp": 0.0
}