{
  "solver": "Normal",
  "tnom": 27.0,
  "temp": 27.0,
  "method": "trap",
  "v_n001_max": 5.0,
  "v_n001_min": 5.0,
  "v_n001_rms": 5.0,
  "v_n001_avg": 5.0,
  "v_n001_pp": 0.0,
  "v_ve_max": 4.31328010559,
  "v_ve_min": 4.31327819824,
  "v_ve_rms": 4.31328010559,
  "v_ve_avg": 4.31328010559,
  "v_ve_pp": 1.90734863281e-06,
  "i_d1_max": 0.00862656068057,
  "i_d1_min": 0.00862655695528,
  "i_d1_rms": 0.00862656068056,
  "i_d1_avg": 0.00862656068056,
  "i_d1_pp": 3.72529029846e-09,
  "i_r1_max": 0.00862656068057,
  "i_r1_min": 0.00862655695528,
  "i_r1_rms": 0.00862656068056,
  "i_r1_avg": 0.00862656068056,
  "i_r1_pp": 3.72529029846e-09,
  "i_v1_max": -0.00862655695528,
  "i_v1_min": -0.00862656068057,
  "i_v1_rms": 0.00862656068056,
  "i_v1_avg": -0.00862656068056,
  "i_v1_pp": 3.72529029846e-09
}