{
  "solver": "Normal",
  "tnom": 27.0,
  "temp": 27.0,
  "method": "trap",
  "v_n001_max": 9.0,
  "v_n001_min": 9.0,
  "v_n001_rms": 9.0,
  "v_n001_avg": 9.0,
  "v_n001_pp": 0.0,
  "v_n002_max": 4.7872338295,
  "v_n002_min": 4.7872338295,
  "v_n002_rms": 4.7872338295,
  "v_n002_avg": 4.7872338295,
  "v_n002_pp": 0.0,
  "i_r1_max": 0.000526595744304,
  "i_r1_min": 0.000526595744304,
  "i_r1_rms": 0.000526595744304,
  "i_r1_avg": 0.000526595744304,
  "i_r1_pp": 0.0,
  "i_r2_max": -0.000478723406559,
  "i_r2_min": -0.000478723406559,
  "i_r2_rms": 0.000478723406559,
  "i_r2_avg": -0.000478723406559,
  "i_r2_pp": 0.0,
  "i_r3_max": 4.78723413835e-05,
  "i_r3_min": 4.78723413835e-05,
  "i_r3_rms": 4.78723413835e-05,
  "i_r3_avg": 4.78723413835e-05,
  "i_r3_pp": 0.0,
  "i_v1_max": -0.000526595744304,
  "i_v1_min": -0.000526595744304,
  "i_v1_rms": 0.000526595744304,
  "i_v1_avg": -0.000526595744304,
  "i_v1_pp": 0.0
}