{
  "solver": "Normal",
  "tnom": 27.0,
  "temp": 27.0,
  "method": "trap",
  "v_n001_max": 0.954165518284,
  "v_n001_min": -0.983095824718,
  "v_n001_rms": 0.677242719868,
  "v_n001_avg": -0.0123530048789,
  "v_n001_pp": 1.937261343,
  "v_n002_max": 0.181256324053,
  "v_n002_min": -0.179793953896,
  "v_n002_rms": 0.127043799119,
  "v_n002_avg": 0.000198944906279,
  "v_n002_pp": 0.361050277948,
  "v_n003_max": 5.0,
  "v_n003_min": 5.0,
  "v_n003_rms": 5.0,
  "v_n003_avg": 5.0,
  "v_n003_pp": 0.0,
  "v_n004_max": 0.999835312366,
  "v_n004_min": -0.999835312366,
  "v_n004_rms": 0.706873033545,
  "v_n004_avg": 2.32607443696e-08,
  "v_n004_pp": 1.99967062473,
  "v_n005_max": 0.180245041847,
  "v_n005_min": -0.180782705545,
  "v_n005_rms": 0.127042147256,
  "v_n005_avg": -0.000798496420017,
  "v_n005_pp": 0.361027747393,
  "v_n006_max": -5.0,
  "v_n006_min": -5.0,
  "v_n006_rms": 5.0,
  "v_n006_avg": -5.0,
  "v_n006_pp": 0.0,
  "i_c3_max": 2.95786085189e-05,
  "i_c3_min": -2.96062044072e-05,
  "i_c3_rms": 2.08262908504e-05,
  "i_c3_avg": 7.30236155746e-08,
  "i_c3_pp": 5.91848129261e-05,
  "i_c4_max": 3.5560959077e-05,
  "i_c4_min": -3.49674373865e-05,
  "i_c4_rms": 2.47158344989e-05,
  "i_c4_avg": 3.24062611457e-07,
  "i_c4_pp": 7.05283964635e-05,
  "i_r3_max": 2.96365087706e-05,
  "i_r3_min": -2.95483678201e-05,
  "i_r3_rms": 2.08265815568e-05,
  "i_r3_avg": 1.30901046174e-07,
  "i_r3_pp": 5.91848765907e-05,
  "i_r4_max": 1.93291416508e-05,
  "i_r4_min": -1.87245877896e-05,
  "i_r4_rms": 1.33013422785e-05,
  "i_r4_avg": 2.51038999903e-07,
  "i_r4_pp": 3.80537294404e-05,
  "i_v1_max": -0.00144227512646,
  "i_v1_min": -0.00146134803072,
  "i_v1_rms": 0.001451519751,
  "i_v1_avg": -0.00145150444088,
  "i_v1_pp": 1.90729042515e-05,
  "i_v2_max": 0.00146105699241,
  "i_v2_min": 0.00144207733683,
  "i_v2_rms": 0.00145132645878,
  "i_v2_avg": 0.00145131128189,
  "i_v2_pp": 1.89796555787e-05,
  "i_v3_max": 3.5560959077e-05,
  "i_v3_min": -3.49674373865e-05,
  "i_v3_rms": 2.47158344989e-05,
  "i_v3_avg": 3.24062611457e-07,
  "i_v3_pp": 7.05283964635e-05
}