{
  "solver": "Normal",
  "tnom": 27.0,
  "temp": 27.0,
  "method": "trap",
  "v__vcc_max": -5.0,
  "v__vcc_min": -5.0,
  "v__vcc_rms": 5.0,
  "v__vcc_avg": -5.0,
  "v__vcc_pp": 0.0,
  "v_n001_max": 0.00100001029205,
  "v_n001_min": 0.00100001017563,
  "v_n001_rms": 0.00100001017563,
  "v_n001_avg": 0.00100001017563,
  "v_n001_pp": 1.16415321827e-10,
  "v_n002_max": 5.0,
  "v_n002_min": 5.0,
  "v_n002_rms": 5.0,
  "v_n002_avg": 5.0,
  "v_n002_pp": 0.0,
  "v_vcc_max": 5.0,
  "v_vcc_min": 5.0,
  "v_vcc_rms": 5.0,
  "v_vcc_avg": 5.0,
  "v_vcc_pp": 0.0,
  "v_vout_max": 0.00109935319051,
  "v_vout_min": 0.00109935319051,
  "v_vout_rms": 0.00109935319051,
  "v_vout_avg": 0.00109935319051,
  "v_vout_pp": 0.0,
  "i_d1_max": -2.52499887665e-09,
  "i_d1_min": -2.52504217535e-09,
  "i_d1_rms": 2.52499909745e-09,
  "i_d1_avg": -2.52499909746e-09,
  "i_d1_pp": 4.32986979604e-14,
  "i_r2_max": 9.93429409846e-08,
  "i_r2_min": 9.9342898352e-08,
  "i_r2_rms": 9.93429409846e-08,
  "i_r2_avg": 9.93429409846e-08,
  "i_r2_pp": 4.26325641456e-14,
  "i_v1_max": -2.52499887665e-09,
  "i_v1_min": -2.52504217535e-09,
  "i_v1_rms": 2.52499909745e-09,
  "i_v1_avg": -2.52499909746e-09,
  "i_v1_pp": 4.32986979604e-14,
  "i_v2_max": -0.00145110778976,
  "i_v2_min": -0.00145110778976,
  "i_v2_rms": 0.00145110778976,
  "i_v2_avg": -0.00145110778976,
  "i_v2_pp": 0.0,
  "i_v3_max": 0.00145116820931,
  "i_v3_min": 0.00145116820931,
  "i_v3_rms": 0.00145116820931,
  "i_v3_avg": 0.00145116820931,
  "i_v3_pp": 0.0
}