{
  "variant_id": "lab4_task2_part1_-3__golden",
  "return_code": 0,
  "success": true,
  "log_path": "pipeline\\out_all_labs_rich_v1_train\\lab4_task2_part1_-3\\golden\\lab4_task2_part1_-3__golden.log",
  "raw_path": null,
  "measurements": {
    "solver": "Normal",
    "tnom": 27.0,
    "temp": 27.0,
    "method": "trap",
    "v__vcc_max": -5.0,
    "v__vcc_min": -5.0,
    "v__vcc_rms": 5.0,
    "v__vcc_avg": -5.0,
    "v__vcc_pp": 0.0,
    "v_n001_max": -0.704515337944,
    "v_n001_min": -0.704515337944,
    "v_n001_rms": 0.704515337944,
    "v_n001_avg": -0.704515337944,
    "v_n001_pp": 0.0,
    "v_n002_max": -3.0,
    "v_n002_min": -3.0,
    "v_n002_rms": 3.0,
    "v_n002_avg": -3.0,
    "v_n002_pp": 0.0,
    "v_vcc_max": 5.0,
    "v_vcc_min": 5.0,
    "v_vcc_rms": 5.0,
    "v_vcc_avg": 5.0,
    "v_vcc_pp": 0.0,
    "v_vout_max": 3.88367581367,
    "v_vout_min": 3.88367581367,
    "v_vout_rms": 3.88367581368,
    "v_vout_avg": 3.88367581368,
    "v_vout_pp": 0.0,
    "i_r1_max": 0.00229548453353,
    "i_r1_min": 0.00229548453353,
    "i_r1_rms": 0.00229548453353,
    "i_r1_avg": 0.00229548453353,
    "i_r1_pp": 0.0,
    "i_r2_max": 0.00229409569874,
    "i_r2_min": 0.00229409569874,
    "i_r2_rms": 0.00229409569874,
    "i_r2_avg": 0.00229409569874,
    "i_r2_pp": 0.0,
    "i_v1_max": 0.00229548453353,
    "i_v1_min": 0.00229548453353,
    "i_v1_rms": 0.00229548453353,
    "i_v1_avg": 0.00229548453353,
    "i_v1_pp": 0.0,
    "i_v2_max": -0.00366925518028,
    "i_v2_min": -0.00366925518028,
    "i_v2_rms": 0.00366925518028,
    "i_v2_avg": -0.00366925518028,
    "i_v2_pp": 0.0,
    "i_v3_max": 0.00137531931978,
    "i_v3_min": 0.00137531931978,
    "i_v3_rms": 0.00137531931978,
    "i_v3_avg": 0.00137531931978,
    "i_v3_pp": 0.0
  },
  "stderr": "",
  "stdout": "",
  "netlist_path": "pipeline\\out_all_labs_rich_v1_train\\lab4_task2_part1_-3\\golden\\lab4_task2_part1_-3__golden.cir"
}