{
  "variant_id": "Lab8_UD__golden",
  "return_code": 0,
  "success": true,
  "log_path": "pipeline\\out_all_labs_rich_v1_train\\Lab8_UD\\golden\\Lab8_UD__golden.log",
  "raw_path": null,
  "measurements": {
    "solver": "Normal",
    "tnom": 27.0,
    "temp": 27.0,
    "method": "trap",
    "v_n001_max": 0.812196552753,
    "v_n001_min": -1.00087451935,
    "v_n001_rms": 0.601846354405,
    "v_n001_avg": -0.0460252723622,
    "v_n001_pp": 1.8130710721,
    "v_n002_max": 0.621152639389,
    "v_n002_min": -1.0010522604,
    "v_n002_rms": 0.447001812347,
    "v_n002_avg": -0.0924357343547,
    "v_n002_pp": 1.62220489979,
    "v_n003_max": 5.0,
    "v_n003_min": 5.0,
    "v_n003_rms": 5.0,
    "v_n003_avg": 5.0,
    "v_n003_pp": 0.0,
    "v_n004_max": 1.0,
    "v_n004_min": -1.0,
    "v_n004_rms": 0.999933222142,
    "v_n004_avg": 0.000199999998627,
    "v_n004_pp": 2.0,
    "v_n005_max": 0.620066463947,
    "v_n005_min": -1.00174891949,
    "v_n005_rms": 0.447189458879,
    "v_n005_avg": -0.0934288720454,
    "v_n005_pp": 1.62181538343,
    "v_n006_max": -5.0,
    "v_n006_min": -5.0,
    "v_n006_rms": 5.0,
    "v_n006_avg": -5.0,
    "v_n006_pp": 0.0,
    "i_c1_max": 6.34027237538e-05,
    "i_c1_min": -5.1411367167e-05,
    "i_c1_rms": 3.25248429465e-05,
    "i_c1_avg": 3.08142287682e-06,
    "i_c1_pp": 0.000114814090921,
    "i_c2_max": 0.000130492539029,
    "i_c2_min": -0.000130307395011,
    "i_c2_rms": 8.12567314983e-06,
    "i_c2_avg": 7.80349587343e-08,
    "i_c2_pp": 0.00026079993404,
    "i_r1_max": 0.000118877294881,
    "i_r1_min": -0.000131436594529,
    "i_r1_rms": 3.3538656151e-05,
    "i_r1_avg": -3.06127626512e-06,
    "i_r1_pp": 0.00025031388941,
    "i_r2_max": 5.13534796482e-05,
    "i_r2_min": -6.3461222453e-05,
    "i_r2_rms": 3.25305550685e-05,
    "i_r2_avg": -3.13931127012e-06,
    "i_r2_pp": 0.000114814702101,
    "i_v1_max": -0.00140872166958,
    "i_v1_min": -0.0015392282512,
    "i_v1_rms": 0.00145124916848,
    "i_v1_avg": -0.00145124307713,
    "i_v1_pp": 0.000130506581627,
    "i_v2_max": 0.00153907574713,
    "i_v2_min": 0.0014088092139,
    "i_v2_rms": 0.00145122897421,
    "i_v2_avg": 0.00145122292919,
    "i_v2_pp": 0.000130266533233,
    "i_v3_max": 0.000118877294881,
    "i_v3_min": -0.000131436609081,
    "i_v3_rms": 3.35386561528e-05,
    "i_v3_avg": -3.06127626548e-06,
    "i_v3_pp": 0.000250313903962
  },
  "stderr": "",
  "stdout": "",
  "netlist_path": "pipeline\\out_all_labs_rich_v1_train\\Lab8_UD\\golden\\Lab8_UD__golden.cir"
}