{
  "variant_id": "Lab5_1__golden",
  "return_code": 0,
  "success": true,
  "log_path": "pipeline\\out_all_labs_rich_v1_train\\Lab5_1\\golden\\Lab5_1__golden.log",
  "raw_path": null,
  "measurements": {
    "solver": "Normal",
    "tnom": 27.0,
    "temp": 27.0,
    "method": "trap",
    "v_n001_max": 5.0,
    "v_n001_min": 5.0,
    "v_n001_rms": 5.0,
    "v_n001_avg": 5.0,
    "v_n001_pp": 0.0,
    "v_n002_max": 0.92173409462,
    "v_n002_min": 0.92173409462,
    "v_n002_rms": 0.92173409462,
    "v_n002_avg": 0.92173409462,
    "v_n002_pp": 0.0,
    "v_n003_max": 3.94177174568,
    "v_n003_min": 3.94177174568,
    "v_n003_rms": 3.94177174568,
    "v_n003_avg": 3.94177174568,
    "v_n003_pp": 0.0,
    "v_n004_max": 34.0714569092,
    "v_n004_min": 34.0714569092,
    "v_n004_rms": 34.0714569092,
    "v_n004_avg": 34.0714569092,
    "v_n004_pp": 0.0,
    "v_n005_max": 2.50002503395,
    "v_n005_min": 2.50002503395,
    "v_n005_rms": 2.50002503395,
    "v_n005_avg": 2.50002503395,
    "v_n005_pp": 0.0,
    "v_n006_max": 3.00945734978,
    "v_n006_min": 3.00945734978,
    "v_n006_rms": 3.00945734978,
    "v_n006_avg": 3.00945734978,
    "v_n006_pp": 0.0,
    "v_n007_max": 4.23210954666,
    "v_n007_min": 4.23210954666,
    "v_n007_rms": 4.23210954666,
    "v_n007_avg": 4.23210954666,
    "v_n007_pp": 0.0,
    "v_n008_max": 4.21730184555,
    "v_n008_min": 4.21730184555,
    "v_n008_rms": 4.21730184555,
    "v_n008_avg": 4.21730184555,
    "v_n008_pp": 0.0,
    "v_n009_max": -5.0,
    "v_n009_min": -5.0,
    "v_n009_rms": 5.0,
    "v_n009_avg": -5.0,
    "v_n009_pp": 0.0,
    "v_p001_max": 4.47138500214,
    "v_p001_min": 4.47138500214,
    "v_p001_rms": 4.47138500214,
    "v_p001_avg": 4.47138500214,
    "v_p001_pp": 0.0,
    "v_p002_max": 0.552258789539,
    "v_p002_min": 0.552258789539,
    "v_p002_rms": 0.552258789539,
    "v_p002_avg": 0.552258789539,
    "v_p002_pp": 0.0,
    "i_d2_max": 0.000292385491775,
    "i_d2_min": 0.000292385491775,
    "i_d2_rms": 0.000292385491775,
    "i_d2_avg": 0.000292385491775,
    "i_d2_pp": 0.0,
    "i_d3_max": 0.000491439714096,
    "i_d3_min": 0.000491439714096,
    "i_d3_rms": 0.000491439714097,
    "i_d3_avg": 0.000491439714096,
    "i_d3_pp": 0.0,
    "i_i1_max": 0.054999999702,
    "i_i1_min": 0.054999999702,
    "i_i1_rms": 0.054999999702,
    "i_i1_avg": 0.054999999702,
    "i_i1_pp": 0.0,
    "i_r1_max": -0.000298393482808,
    "i_r1_min": -0.000298393482808,
    "i_r1_rms": 0.000298393482808,
    "i_r1_avg": -0.000298393482808,
    "i_r1_pp": 0.0,
    "i_r2_max": -6.73087970426e-06,
    "i_r2_min": -6.73087970426e-06,
    "i_r2_rms": 6.73087970426e-06,
    "i_r2_avg": -6.73087970427e-06,
    "i_r2_pp": 0.0,
    "i_r3_max": 0.000921734084841,
    "i_r3_min": 0.000921734084841,
    "i_r3_rms": 0.000921734084841,
    "i_r3_avg": 0.000921734084841,
    "i_r3_pp": 0.0,
    "i_r4_max": 0.000915162963793,
    "i_r4_min": 0.000915162963793,
    "i_r4_rms": 0.000915162963793,
    "i_r4_avg": 0.000915162963793,
    "i_r4_pp": 0.0,
    "i_r5_max": 0.00249997503124,
    "i_r5_min": 0.00249997503124,
    "i_r5_rms": 0.00249997503124,
    "i_r5_avg": 0.00249997503124,
    "i_r5_pp": 0.0,
    "i_r6_max": 0.00250002508983,
    "i_r6_min": 0.00250002508983,
    "i_r6_rms": 0.00250002508983,
    "i_r6_avg": 0.00250002508983,
    "i_r6_pp": 0.0,
    "i_r7_max": 0.000292385491775,
    "i_r7_min": 0.000292385491775,
    "i_r7_rms": 0.000292385491775,
    "i_r7_avg": 0.000292385491775,
    "i_r7_pp": 0.0,
    "i_r8_max": 0.000491439714096,
    "i_r8_min": 0.000491439714096,
    "i_r8_rms": 0.000491439714097,
    "i_r8_avg": 0.000491439714096,
    "i_r8_pp": 0.0,
    "i_r9_max": 0.000199054251425,
    "i_r9_min": 0.000199054251425,
    "i_r9_rms": 0.000199054251425,
    "i_r9_avg": 0.000199054251425,
    "i_r9_pp": 0.0,
    "i_v2_max": 0.0476420335472,
    "i_v2_min": 0.0476420335472,
    "i_v2_rms": 0.0476420335472,
    "i_v2_avg": 0.0476420335472,
    "i_v2_pp": 0.0,
    "i_v3_max": 0.00337660638615,
    "i_v3_min": 0.00337660638615,
    "i_v3_rms": 0.00337660638616,
    "i_v3_avg": 0.00337660638616,
    "i_v3_pp": 0.0
  },
  "stderr": "",
  "stdout": "",
  "netlist_path": "pipeline\\out_all_labs_rich_v1_train\\Lab5_1\\golden\\Lab5_1__golden.cir"
}