{
  "solver": "Normal",
  "tnom": 27.0,
  "temp": 27.0,
  "method": "trap",
  "v_n001_max": 3.0,
  "v_n001_min": 3.0,
  "v_n001_rms": 3.0,
  "v_n001_avg": 3.0,
  "v_n001_pp": 0.0,
  "i_r2_max": -0.00900900922716,
  "i_r2_min": -0.00900900922716,
  "i_r2_rms": 0.00900900922716,
  "i_r2_avg": -0.00900900922716,
  "i_r2_pp": 0.0,
  "i_v1_max": -0.00900900922716,
  "i_v1_min": -0.00900900922716,
  "i_v1_rms": 0.00900900922716,
  "i_v1_avg": -0.00900900922716,
  "i_v1_pp": 0.0
}