{
  "solver": "Normal",
  "tnom": 27.0,
  "temp": 27.0,
  "method": "trap",
  "v__vcc_max": -5.0,
  "v__vcc_min": -5.0,
  "v__vcc_rms": 5.0,
  "v__vcc_avg": -5.0,
  "v__vcc_pp": 0.0,
  "v_n001_max": 3.0,
  "v_n001_min": 3.0,
  "v_n001_rms": 3.0,
  "v_n001_avg": 3.0,
  "v_n001_pp": 0.0,
  "v_n002_max": 2.0000500679,
  "v_n002_min": 2.0000500679,
  "v_n002_rms": 2.0000500679,
  "v_n002_avg": 2.0000500679,
  "v_n002_pp": 0.0,
  "v_n003_max": 2.0,
  "v_n003_min": 2.0,
  "v_n003_rms": 2.0,
  "v_n003_avg": 2.0,
  "v_n003_pp": 0.0,
  "v_vcc_max": 5.0,
  "v_vcc_min": 5.0,
  "v_vcc_rms": 5.0,
  "v_vcc_avg": 5.0,
  "v_vcc_pp": 0.0,
  "v_vout_max": -4.98207187653,
  "v_vout_min": -4.98207187653,
  "v_vout_rms": 4.98207187653,
  "v_vout_avg": -4.98207187653,
  "v_vout_pp": 0.0,
  "i_r1_max": 0.0010000000475,
  "i_r1_min": 0.0010000000475,
  "i_r1_rms": 0.0010000000475,
  "i_r1_avg": 0.0010000000475,
  "i_r1_pp": 0.0,
  "i_r2_max": 0.0010000000475,
  "i_r2_min": 0.0010000000475,
  "i_r2_rms": 0.0010000000475,
  "i_r2_avg": 0.0010000000475,
  "i_r2_pp": 0.0,
  "i_r3_max": 4.99686017008e-08,
  "i_r3_min": 4.99686017008e-08,
  "i_r3_rms": 4.99686017008e-08,
  "i_r3_avg": 4.99686017008e-08,
  "i_r3_pp": 0.0,
  "i_v1_max": 4.99686017008e-08,
  "i_v1_min": 4.99686017008e-08,
  "i_v1_rms": 4.99686017008e-08,
  "i_v1_avg": 4.99686017008e-08,
  "i_v1_pp": 0.0,
  "i_v2_max": -0.0012160326587,
  "i_v2_min": -0.0012160326587,
  "i_v2_rms": 0.0012160326587,
  "i_v2_avg": -0.0012160326587,
  "i_v2_pp": 0.0,
  "i_v3_max": 0.000215982741793,
  "i_v3_min": 0.000215982741793,
  "i_v3_rms": 0.000215982741793,
  "i_v3_avg": 0.000215982741793,
  "i_v3_pp": 0.0
}