{
  "variant_id": "Lab8_CD__golden",
  "return_code": 0,
  "success": true,
  "log_path": "pipeline\\out_all_labs_rich_v1_train\\Lab8_CD\\golden\\Lab8_CD__golden.log",
  "raw_path": null,
  "measurements": {
    "solver": "Normal",
    "tnom": 27.0,
    "temp": 27.0,
    "method": "trap",
    "v_n001_max": 0.999126911163,
    "v_n001_min": -1.00087463856,
    "v_n001_rms": 0.96935312963,
    "v_n001_avg": -0.000673805411007,
    "v_n001_pp": 2.00000154972,
    "v_n002_max": 1.00084590912,
    "v_n002_min": -1.00096797943,
    "v_n002_rms": 0.953669629866,
    "v_n002_avg": -0.000547641085926,
    "v_n002_pp": 2.00181388855,
    "v_n003_max": 5.0,
    "v_n003_min": 5.0,
    "v_n003_rms": 5.0,
    "v_n003_avg": 5.0,
    "v_n003_pp": 0.0,
    "v_n004_max": 1.0,
    "v_n004_min": -1.0,
    "v_n004_rms": 0.9999331621,
    "v_n004_avg": 0.000199999999653,
    "v_n004_pp": 2.0,
    "v_n005_max": 0.998253703117,
    "v_n005_min": -1.00174891949,
    "v_n005_rms": 0.953645322023,
    "v_n005_avg": -0.00154761165718,
    "v_n005_pp": 2.0000026226,
    "v_n006_max": -5.0,
    "v_n006_min": -5.0,
    "v_n006_rms": 5.0,
    "v_n006_avg": -5.0,
    "v_n006_pp": 0.0,
    "i_c1_max": 4.87328215968e-05,
    "i_c1_min": -4.87256183987e-05,
    "i_c1_rms": 1.15098981399e-05,
    "i_c1_avg": 1.64663459886e-14,
    "i_c1_pp": 9.74584399955e-05,
    "i_c2_max": 0.000131106833578,
    "i_c2_min": -0.000131228327518,
    "i_c2_rms": 1.14969791285e-05,
    "i_c2_avg": 3.27185087912e-14,
    "i_c2_pp": 0.000262335161096,
    "i_r1_max": 0.00013171788305,
    "i_r1_min": -0.000131895794766,
    "i_r1_rms": 1.62644402069e-05,
    "i_r1_avg": -5.78679746488e-08,
    "i_r1_pp": 0.000263613677816,
    "i_r2_max": 4.86712015118e-05,
    "i_r2_min": -4.87935794808e-05,
    "i_r2_rms": 1.15106613864e-05,
    "i_r2_avg": -5.78679714776e-08,
    "i_r2_pp": 9.74647809926e-05,
    "i_v1_max": -0.0014085478615,
    "i_v1_min": -0.00153974432033,
    "i_v1_rms": 0.00145131131457,
    "i_v1_avg": -0.00145129920072,
    "i_v1_pp": 0.000131196458824,
    "i_v2_max": 0.00153982895426,
    "i_v2_min": 0.00140869035386,
    "i_v2_rms": 0.00145136915071,
    "i_v2_avg": 0.00145135707653,
    "i_v2_pp": 0.000131138600409,
    "i_v3_max": 0.000131718348712,
    "i_v3_min": -0.000131895794766,
    "i_v3_rms": 1.6264440296e-05,
    "i_v3_avg": -5.78679629247e-08,
    "i_v3_pp": 0.000263614143478
  },
  "stderr": "",
  "stdout": "",
  "netlist_path": "pipeline\\out_all_labs_rich_v1_train\\Lab8_CD\\golden\\Lab8_CD__golden.cir"
}