{
  "variant_id": "Lab3_2__golden",
  "return_code": 0,
  "success": true,
  "log_path": "pipeline\\out_all_labs_rich_v1_train\\Lab3_2\\golden\\Lab3_2__golden.log",
  "raw_path": null,
  "measurements": {
    "solver": "Normal",
    "tnom": 27.0,
    "temp": 27.0,
    "method": "trap",
    "v_n001_max": 1.40845239162,
    "v_n001_min": 1.40845239162,
    "v_n001_rms": 1.40845239162,
    "v_n001_avg": 1.40845239162,
    "v_n001_pp": 0.0,
    "v_n002_max": 5.0,
    "v_n002_min": 5.0,
    "v_n002_rms": 5.0,
    "v_n002_avg": 5.0,
    "v_n002_pp": 0.0,
    "v_n003_max": 1.40845358372,
    "v_n003_min": 1.40845358372,
    "v_n003_rms": 1.40845358372,
    "v_n003_avg": 1.40845358372,
    "v_n003_pp": 0.0,
    "v_n004_max": 1.43661808968,
    "v_n004_min": 1.43661808968,
    "v_n004_rms": 1.43661808968,
    "v_n004_avg": 1.43661808968,
    "v_n004_pp": 0.0,
    "v_n005_max": 2.0,
    "v_n005_min": 2.0,
    "v_n005_rms": 2.0,
    "v_n005_avg": 2.0,
    "v_n005_pp": 0.0,
    "i_d1_max": -1.16646869941e-09,
    "i_d1_min": -1.16646947657e-09,
    "i_d1_rms": 1.16646914418e-09,
    "i_d1_avg": -1.16646914418e-09,
    "i_d1_pp": 7.77156117238e-16,
    "i_r1_max": 0.000704225036316,
    "i_r1_min": 0.000704225036316,
    "i_r1_rms": 0.000704225036316,
    "i_r1_avg": 0.000704225036316,
    "i_r1_pp": 0.0,
    "i_r2_max": -0.000704226200469,
    "i_r2_min": -0.000704226200469,
    "i_r2_rms": 0.000704226200469,
    "i_r2_avg": -0.000704226200469,
    "i_r2_pp": 0.0,
    "i_r3_max": 0.000281690969132,
    "i_r3_min": 0.000281690969132,
    "i_r3_rms": 0.000281690969132,
    "i_r3_avg": 0.000281690969132,
    "i_r3_pp": 0.0,
    "i_r4_max": -1.16646892145e-09,
    "i_r4_min": -1.16646958759e-09,
    "i_r4_rms": 1.16646903345e-09,
    "i_r4_avg": -1.16646903345e-09,
    "i_r4_pp": 6.66133814775e-16,
    "i_r5_max": -0.000281689804979,
    "i_r5_min": -0.000281689804979,
    "i_r5_rms": 0.000281689804979,
    "i_r5_avg": -0.000281689804979,
    "i_r5_pp": 0.0,
    "i_v1_max": -0.000704225036316,
    "i_v1_min": -0.000704225036316,
    "i_v1_rms": 0.000704225036316,
    "i_v1_avg": -0.000704225036316,
    "i_v1_pp": 0.0,
    "i_v2_max": -0.000281690969132,
    "i_v2_min": -0.000281690969132,
    "i_v2_rms": 0.000281690969132,
    "i_v2_avg": -0.000281690969132,
    "i_v2_pp": 0.0
  },
  "stderr": "",
  "stdout": "",
  "netlist_path": "pipeline\\out_all_labs_rich_v1_train\\Lab3_2\\golden\\Lab3_2__golden.cir"
}